societe;email;telephone;
42TEA;lionel@42tea.io;0629242786
4D;info-fr@4d.com;01 30 53 92 00
4DCONCEPT;info@4dconcept.fr;01 61 08 50 12
4MTEC;contact@4mtec.com;01 49 85 17 75
5COM-CONSULTING;;0148252514
6TI Centre;contact@6ti.fr;
6WIND;6wind-contact@6wind.com;01 39 30 92 10
8TECH;contact@8tech.fr;0411932474
90TECH;contact@90tech.fr;03 55 80 42 62
@FIRMS;contact@afirms.fr;04 90 23 44 30
@GRISIS;;0562727910
A-SYSTEMS;contact@a-systems.fr;01 39 07 26 75
A.I.MERGENCE;contact@ai-mergence.com;0768109514
A2I;info@a2i.fr;01 44 53 28 70
A3IS;contact@a3is.com;01 41 11 36 10
AAM COMMUNICATION SARL;info@aam.fr;
AAREON FRANCE;contact@aareon.com;01 45 37 92 30
AB CONSULTING;cpundik@abconsulting.fr;04 93 95 88 56
ABA TECHNOLOGIES;contact@aba-technologies.com;0533057220
ABAKUS;contact@abakus.fr;01 53 43 11 00
ABASE 2.0;;03 90 20 21 56
ABBOTT INFORMATICS FRANCE;France@ai.abbott.com;01 61 37 02 00
ABBSIL;contact@abbsil.com;02 98 02 40 97
ABOMICRO;contact@abomicro.fr;
ABONLINE SOLUTIONS;achats@abo-s.com;0490419414
AbroGo;cpiette@abrogo.fr;
ABW;abw@abusinessware.com;03 88 06 64 30
AC6;acsys@ac6.fr;01 41 16 80 10
ACA;aca@aca.fr;01 53 53 80 11
ACADYS;;03 89 42 00 10
ACCENTURE;marketing.france@accenture.com;01 53 23 55 55
ACDE CONSEIL;contact@acde-conseil.com;01 46 04 42 30
ACESI Group;contact@ace-si.com;03 90 64 80 00
ACG-SYNERGIES;direction@acg-synergies.fr;04 74 45 87 87
ACIAL;askme@acial.net;01 55 33 52 40
ACII;;02 40 52 59 10
ACPQUALIFE;admin@acpqualife.com;04 42 91 42 99
ACTECIL;smarec@actecil.fr;
ACTECIL OCÉAN INDIEN;;
ACTENCY;contact@actency.fr;03 88 45 30 60
ACTEOS;acteos@acteos.com;03 20 11 44 64
ACTIF SOLUTION;info@actif-solution.com;09 79 50 74 07
ACTINVISION;info@actinvision.com;
ACTIV'SYSTEME CONSULTANT;;03 89 42 36 92
ACTIVEEON;contact@activeeon.com;
ACTIVNETWORKS;contact@activnetworks.com;01 60 92 01 83
ACTIVUS-SERVICES;contact@activus-services.fr;05 82 74 18 24
ACTUDATA;contact@actudata.fr;01 30 76 20 80
ACXIOM FRANCE SAS;info.france@acxiom.com;01 58 17 73 00
AD2S;contact@ad2s.eu;
ADDEO;webcontact@addeo.com;05 56 48 46 60
ADDIXO;af@addixo.com;+33 1 46 46 11 90
ADECOL;dsuissa@zonedactivite.com;0770990379
ADENIS;directioncommerciale@groupe-adenis.fr;01 48 24 07 07
ADERHIS;;01 40 92 62 00
ADIPSYS;support@adipsys.com;09 67 19 22 34
ADITUS TECHNOLOGIES;contact@aditus-technologies.fr;0182834314
ADIX;adix@adix.fr;01 43 27 36 06
ADLER LEARNING FRANCE;jguillouet@adlerlearningfrance.com;
ADN;contact@adn-soft.com;01.71.18.31.06
ADN INFORMATIQUE;contact@adnfrance.com;05 61 90 81 60
ADP GSI FRANCE;info@europe.adp.com;01 55 63 50 00
ADVANSEEZ;contact@advanseez.com;02 99 23 17 45
ADVENCES;administrative@advences.com;01 86 26 09 80
ADVENS;contact@advens.fr;03 20 68 41 81
ADVENTIUM TECHNOLOGIES;societe@adventium.fr;01 47 17 65 42
Advise Technologies France;;01 82 88 89 01
AFNIC;afnic@afnic.fr;01 39 30 83 99
AGENCE NOCTA;;04 97 08 84 54
AGFA HEALTHCARE FRANCE;;01 72 94 68 00
Agileo Automation;contact@agileo-automation.com;05 49 49 61 79
ADN INFORMATIQUE;contact@adnfrance.com;05 61 90 81 60
ADP GSI FRANCE;info@europe.adp.com;01 55 63 50 00
ADVANSEEZ;contact@advanseez.com;02 99 23 17 45
ADVENCES;administrative@advences.com;01 86 26 09 80
ADVENS;contact@advens.fr;03 20 68 41 81
ADVENTIUM TECHNOLOGIES;societe@adventium.fr;01 47 17 65 42
Advise Technologies France;;01 82 88 89 01
AFNIC;afnic@afnic.fr;01 39 30 83 99
AGENCE NOCTA;;04 97 08 84 54
AGFA HEALTHCARE FRANCE;;01 72 94 68 00
Agileo Automation;contact@agileo-automation.com;05 49 49 61 79
AGILITECH;info@agilitech.fr;04 22 13 62 50
AGIXIS;contact@agixis.com;04 27 02 74 49
AIMAIRA;jean@aimaira.fr;0184193405
AIO SOLUTIONS;contact@aio-solutions.fr;04 92 99 17 05
AIRBORNE CONCEPT;contact@airborne-concept.com;05 61 59 29 89
AKENEO;accounting@akeneo.com;09 83 82 12 73
AKERVA;contact@akerva.com;01.53.76.86.35
AKKA TECHNOLOGIES;;01 56 69 26 59
AKTARMA;rendez-vous@aktarma.fr;02 47 87 47 04
AKUITEO;r.bonifay@akuito.com;04 26 59 86 81
Alan;contact@alan.eu;
ALANTAYA;yannick@alantaya.com;
ALB;alb@alb-si.fr;0178946131
ALCMÉON;;
ALCYOR;contact@alcyor.fr;04 72 72 05 00
Alere e-sante SAS;julien.martel@alere.com;01 39 46 83 18
ALGANDYOU SAS;;05 61 55 98 74
ALGO'TECH INFORMATIQUE;contact@algotech.fr;05 59 01 59 60
ALGOLIA;contact@algolia.com;
ALIBEEZ;contact@alibeez.com;01 80 87 44 04
Alien6;contact@alien6.com;
ALIPTIC;contact@aliptic.net;05 55 71 39 70
ALIZEE INFORMATIQUE;contact@alizee-info.fr;03 81 47 27 70
all-in-web;contact@all-in-web.fr;01 41 25 75 10
ALL4IT FRANCE SAS;info@all4it.com;03 20 84 35 20
ALL4TEST;contact@all4test.com;04 89 82 92 24
ALLANCE;contact@allance.fr;01 85 08 50 86
Allbrary;;
ALLEGORITHMIC;contact@allegorithmic.com;06 60 63 46 12
ALMAVIA;contact@almavia.fr;01 48 00 05 71
ALMETIS;;
ALPI;;01 47 52 97 27
ALTAYS;contact@altays.com;01 78 09 73 90
ALTECA;alteca@alteca.fr;04 72 69 72 72
ALTEIS;info@alteis.fr;01 30 09 70 60
ALTEN SA;;01 46 08 72 00
ALTENSE;contact@altense.fr;0184202122
ALTER SYSTEMS;contact@altersystems.fr;04 72 29 19 34
ALTER WAY;;01 41 16 38 46
Alternativ Conseil SAS;contact@alternativ-conseil.fr;
Alternative Digitale;contact@aternativedigitale.com;
ALTIAD;contact@altiad.com;01 45 63 07 00
ALTICAP;contact@alticap.com;02 31 29 43 80
ALTIK;;01 69 18 17 50
Altilink;jfg@altilink.com;
ALTIM FRANCE;contact@altim-consulting.com;01 41 03 15 87
ALTIMATE;groupe-altimate@groupe-altimate.fr;01 47 52 15 15
ALTO INFORMATIQUE;contact@alto-informatique.com;01 43 35 49 18
ALTRAN;;01 30 67 48 00
ALTUP CONSEIL;contact@altup-conseil.fr;04 75 88 23 74
ALTURING;telintrans@telintrans.fr;01 56 30 71 00
ALTYS TECHNOLOGIES;procurement@altys-tech.net;09 88 77 74 00
AMADEUS S.A.S;;04 92 94 60 00
AMANZE;;0619172270
AMARRELO;vincent.brault@amarrelo.com;04 83 59 80 21
AMAZINGCONTENT;contact@amazingcontent.io;06 87 54 59 00
Amazon Support Services France SAS;;
AMBITIO;christian.caisso@ambitio.fr;02 23 46 19 83
AMBRIVA;sebastien.oum@ambriva.com;0184167284
AMD CONSULTING;contact@amd-consulting.fr;01 53 43 89 34
AMEG ATLANTIC;;02-40-18-05-42
AMILTONE;direction@amiltone.com;04 37 70 89 95
AMJ GROUPE;info@amj-groupe.com;01 53 76 00 00
AMPLEMENT;;0185090432
ANAPLAN;;01 84 88 40 44
ANATEC;contact@anatec.io;
ANEO;daf@aneo.fr;01 46 44 24 66
ANEVIA;hr@anevia.com;
ANTARES IT;guillaume.simon@antares.fr;01 47 29 12 92
ANTENIA;contact@antenia.fr;01 44 94 01 77
ANYWARE VIDEO;;0491428856
AOTA;;
Api Business;antoine@apibusiness.com;
apilean;contact@apilean.com;
APITECH;apitech@apitech.fr;04 78 43 49 30
APLON;abrossard@aplon.org;08 00 80 04 83
APOLLO SSC;contact@apollossc.com;04 78 35 45 70
APPIC SERVICES ALTAMYS;info@altamys.com;01 46 00 67 40
APPLILOGIK;direction@applilogik.fr;0477237823
APPS PANEL;contact@apps-panel.com;04 82 53 32 30
APPS2COM;contact@apps2com.fr;0169599900
APT-SYS MALLYANCE;;01 77 35 07 79
APTEOS Management & Consulting;jc.klarer@apteos.eu;
APX INTEGRATION;marketing@apx.fr;01 41 31 92 92
APYCAT;xavier@apycat.com;0632645048
AQUILOG;info@aquilog.fr;06 24 68 25 24
AR24;;08 11 69 05 45
Araxxe;araweb@araxxe.com;01 44 30 03 16
ARC INFORMATIQUE;arcnews@arcinfo.com;01 41 14 36 00
Arcanum;;
ARCESI;contact@archesi-ea.com;05 62 86 23 52
ARCHITECTURES INFORMATIQUES;gerant@architectures-informatiques.com;0609156118
ARGOLIFE;ghada.aouadhi@argolife.fr;0155255088
ARICIE;aboige@aricie.fr;04 75 68 74 51
ARKADIN;;01 44 65 25 00
ARKAMYS;contact@arkamys.com;01 79 97 14 50
ARMADEUS SYSTEMS;nicolas.colombain@armadeus.com;09 72 29 41 44
ARMATURES TECHNOLOGIES;contact@armaturetech.com;
ARPEGE;arpege@arpege.tm.fr;08 20 16 58 00
ARPEGE MASTER K;marketing@masterk.com;04 72 22 92 22
ARROW ECS;contact@arrowecs.fr;01 49 97 49 00
ARTELYS S.A;info@artelys.com;01 44 77 89 00
ARTERES;jf.boisson@orange.fr;06 74 98 47 06
ARTIK CONSULTING;artik@artik-consulting.com;01 84 06 36 09
AS International Group;;01 44 51 05 51
AS2I NORD;;
ASAÏS;commercial@asais.fr;01 43 05 58 00
ASAP Conseil;bertrand.mangez@asapconseil.com;01 84 16 38 34
ASE2i;ase2i@ase2i.fr;03 88 40 30 90

ATONIS TECHNOLOGIES;contact@atonis.com;04 66 26 34 88
ATONIS TECHNOLOGIES;contact@atonis.com;04 66 26 34 88
ATOS;fr-offres@atosorigin.com;01 73 26 00 00
ATR6;atrsix@wanadoo.fr;01 48 24 81 81
ATREAL;contact@atreal.net;04 91 29 42 81
ATREAL OUEST;sdoudet@atreal.fr;
ATS SYSTEMS;;
AUBANS;contact.vba@itea-rh.fr;03 88 79 79 79
AUBAY;infocorp@aubay.com;01 46 10 67 67
AUDAE;contact@audae.eu;
AUGEO SOFTWARE;info.fr@augeo.com;01 46 10 15 10
Aurea Retail Solutions;ltoulemonde@aurea.com;
AUSY;communication@ausy.fr;01 41 08 65 65
AUTICIEL;contact@auticiel.com;09 72 39 44 44
Auticonsult;contact@auticonsult.fr;01 77 93 25 42
AUTOBIZ;f.trevisan@autobiz.com;
AutoForm Engineering France;info@autoform.fr;04 42 90 42 60
AUTONOMENS;contact@autonomens.com;
AUTOVISUAL FRANCE;contact@autovisual.com;01 53 38 98 05
Avanista;contact@avanista.fr;01 49 84 85 85
AVENCIS;frederic.pierre@avencis.net;01 75 57 87 59
Avenir Telecom;;04 88 00 60 00
AVENUE E SOLUTIONS;contact@avenue-e-solutions.com;01 47 55 09 26
AVICEN;hello@avicen.io;04 43 86 02 53
AVIS2C;contact@avis2c.fr;0665403389
AVISIENCE CONSULTING;info@avisience.com;01 85 08 33 68
AVTIS;;01 70 60 06 50
AXIANS;francis.espoeys@axians.com;01 41 39 88 10
AXIDO SERVICES;;01 47 93 32 75
AXWAY;webmaster@axway.com;01 47 17 24 24
AYMAX Consulting;contact-it@aymax.fr;01 41 32 53 60
AZALEAD;info@azalead.com;01 62 58 25 85
AZENDOO;contact@azendoo.com;05 33 52 02 70
AZNETWORK;contact@aznetwork.fr;02 33 32 12 47
AZOTH RESEARCH;;
B.WORKSHOP;contact@bworkshop.fr;01 70 36 70 45
BAAO;;01 73 03 33 44
BADAKAN;contact@badakan.com;0170230380
BADPAYEUR.COM;contact@badpayeur.com;0661538821
BALDWIN PARTNERS;contact@baldwin-partners.com;02 85 52 68 3
BANCTEC BUSINESS OUTSOURCING;;01 64 76 20 00
BANKAPART;;
BASWARE FRANCE SAS;bertrand.aumoite@basware.com;01 40 08 18 20
BAW BUSINESS AT WORK;d.laville@b-a-w.com;01 48 24 66 00
BAYBRIDGEDIGITAL;;
BAYLIBRE;contact@baylibre.com;
BE BRAVE;;
BE HAPPY COMMUNICATION;contact@behappycom.com;09 72 62 01 14
BEARINGPOINT FRANCE SAS;france.contact@bearingpointconsulting.com;01 58 86 30 00
BEE ON WEB;contact@siteasy.eu;02 47 86 00 11
BEEPEERS;;04 89 86 69 48
BELHARRA SAS;contact@belharra.fr;05 59 70 40 70
BEMORE FRANCE;nice@bemore.com;04 92 09 44 84
BETASERIES;contact@betaseries.com;0603622668
BEWE;CONTACT@BEWE.EU;06 30 17 41 24
BEWELL CONNECT;contact@visiomed-lab.fr;01 40 67 06 50
BEWISE;laurent.galmiche@bewise.fr;04 42 12 74 78
BFD SA;pmichelin@bfd.fr;01 42 24 50 60
BGFI CONSULTING - ADNEOM;contact@bgficonsulting.com;01 46 12 09 70
BH CONSULTING FRANCE;contact@bh-consulting.net;
BIAL-X SAS;la-BI-immediate@BIAL-X.com;04 72 57 89 95
BIGMITCH;thomas@bigmitch.fr;
Bilberry;;
BIME;contact@wearecloud.com;04 67 41 60 64
BIOMODEX;contact@biomodex.com;
BISAM;contact@bi-sam.com;01 42 85 73 00
BITTLE;contact@bittle-solutions.com;04 42 12 54 57
BIZ&WORTH;contact@biznworth.com;0184790209
BK CONSULTING;comptabilite@bk-consulting.com;01 55 70 29 30
BLACKLINE SYSTEMS;;
BLOCKCHAIN STRATEGISTS;contact@BlockChain-Strategists.fr;
BLUE FROG ROBOTICS;contact@bluefrogrobotics.com;
BLUE-CHANNEL;nk@blue-channel.com;06 63 25 68 77
BLUELINEA;rh@bluelinea.com;01 76 21 70 60
BLUPODS EUROPE;matthieu@blupods.com;0630154540
BMB-Services;contact@bmb-services.com;
BMC SOFTWARE FRANCE;france_support@bmc.com;01 57 00 61 00
BMI SYSTEM;b.dillen@bmi-system.com;01 40 91 83 94
BOCASAY;contact@bocasay.com;01 73 79 19 43
BODET SOFTWARE;marketing@bodet.software.com;08 25 81 44 00
Boot-Start SAS;contact@boot-start.com;
Botify;jobs@botify.com;
BOURGOGNE FRANCHE COMTE NUMERIQUE;contact@bfcnumerique.fr;03 80 60 40 41
Box;;
Brainify;contact@brainify.it;
BRANDSILVER;;
BRESS HEALTHCARE;contact@bress.fr;
BRINK'S SOFTWARE SERVICES ET SOLUTIONS;info@brinks.com;01 41 11 41 91
BROCELIA;contact@brocelia.fr;01 42 86 63 00
BSO COMMUNICATION SAS;contact.fr@bsonetwork.com;01 77 36 11 21
BT SERVICES;bt.france@bt.com;01 78 41 20 00
Bubbleting;contact@bubbleting.com;09 53 00 73 62
BUILDRZ;suzanne@buildrz.io;01 80 89 60 33
BUSINESS & DECISION;;01 56 21 21 21
BUSINESS APTITUDE;contact@business-aptitude.com;03 66 59 70 00
Busit;contact@busit.com;04 89 97 36 50
BUZZINESS.COM;contact@buzziness.com;0682594863
BUZZNATIVE;julien.hatton@buzznative.com;
BV ASSOCIATES;contact@bvassociates.fr;01 30 48 01 21
BYPATH;admin@bypath.com;
C LIBRE;syntec@c-libre.net;05 58 97 67 01
C'EST FRAIS;contact@cestfrais.fr;
C2RIS;contact@c2ris.com;07 77 03 07 28
C2S;info@c2s.fr;01 30 60 82 00
C4W;contact@c4w.com;
CA TECHNOLOGIES FRANCE;francemktg@ca.com;01 49 02 50 00
Cabinet Cilex;frederic.thu@cabinet-cilex.com;
Cabinity;antoine@cabinity.com;
CALADE TECHNOLOGIES;ludovic.pognon@calade-technologies.com;04 91 11 88 77
CALINDA SOFTWARE;info@calindasoftware.com;04 91 33 41 53
CALYSTENE SA;contact@calystene.com;04 76 41 29 30
CANDYVOICE;contact@candyvoice.com;0607414900
CAP DATA CONSULTING;contact@capdata.fr;01 58 71 48 00
CAPCIR;service.administratif@capcir.fr;0561759499
CAPCOD;bdecavele@capcod.eu;
CAPGEMINI FRANCE;prenom.nom@capgemini.com;01 49 67 30 00
Capitaine Pizza;contact@capitainepizza.com;09 75 18 08 94
CAPITAL BANKING SOLUTIONS;;01 44 43 44 66
CAPTEO;contact@capteo.com;01 40 40 10 10
Care Labs;contact@chequesante.com;
CARL SOFTWARE;info@carl.eu;04 26 29 49 49
CARM2I;franck.depouilly@carm2i.fr;01 46 65 30 66
CARRICK-SKILLS;contact@carrick-skills.com;
CARTELMATIC;cartelmatic@cartelmatic.com;02 99 12 72 12
CASTELIS;contact@castelis.com;01 43 90 19 80
CATALYZE;francois.lochet@catalyze.fr;06 15 93 09 14
CATARTSYS ENTERTAINMENT;contact@catartsys.fr;
CAVACAVE.COM;info@cavacave.com;
CBA INFORMATIQUE LIBERALE;marie-anne.fournier@cbainfo.fr;04 90 84 20 10
CBIEN;;
CCUBE EXPERTISE;;
CDC ARKHINEO;;01 78 09 39 10
CDK GLOBAL;;01 43 62 26 26
CDM E-HEALTH, AIR LIQUIDE HEALTHCARE;;
CDRT;;09 53 71 57 76
CDS SOFT;;04 92 02 45 45
CECURITY.COM;contact_cecurity@cecurity.com;01 56 43 37 37
Celestory;contact@celestorystudio.com;
CENSE;contact@cense.fr;0428290330
CENTREON;contact@merethis.com;01 49 69 97 12
CEO-Vision S.A.S;info@ceo-vision.com;08 11 69 31 11
CERITD;;0164968860
CERNER FRANCE;recrutement@cerner.com;01 76 74 07 00
CETSI;cial@cetsi.fr;01 41 19 40 40
CG Project Management;contact@cg-project-management.fr;
CG2 CONSEIL;info@cg2conseil.com;01 45 24 54 42
CGI FRANCE SAS;info.fr@cgi.com;01 57 87 40 00
CHANGEFORSAAS SOLUTIONS;info@ancodea.com;0631268283
CHAUMEIL Digital;contact@chaumeil.digital;
CHEOPS TECHNOLOGY FRANCE;cheops@cheops.fr;05 56 18 83 83
CHRONOSERVICES;gilles.taib@chronoservices.fr;08 21 20 30 31
CIAG;contact@ciag.fr;05 61 40 00 88
CIETECH;contact@cietech.fr;05 56 99 04 14
CIGEST INFORMATIQUE;info@cigest-group.fr;03 88 56 80 00
CILASOFT;contact@cilasoft.com;04 50 69 45 98
CIMAIL SOLUTIONS;contact@cimail.fr;03 20 82 02 02
CINCOM;cincomparis@cincom.com;01 53 61 70 00
CIO INFORMATIQUE INDUSTRIELLE;christian.charreyre@cioinfoindus.fr;04 95 05 19 41
CIP - CLUB INFORMATIQUE PROVENCE MEDITERRANÉE;contact@cip-paca.org;
CIRCEM;circem@circem.fr;01 60 83 81 05
CIRIL;ciril@ciril.net;04 72 69 16 80
CIS VALLEY;;05 56 11 22 22
CITILOG;citilog@citilog.com;01 41 24 34 52
CITYMEO;contact@citymeo.fr;0184253323
CJS;infocjs@cjs.fr;01 49 03 72 60
ClapSens;cs-info@clapsens.com;
CLARANET;info@claranet.fr;01 70 13 70 00
CLARILOG FRANCE;contact.france@clarilog.com;03 23 65 65 98
CLARTEN SAS;webmaster@feeder.fr;
CLAVESIS;isabelle.zablit@gmail.com;
CLEARBUS;contact@clearbus.fr;04 85 02 96 34
CLEVER AGE;drh@clever-age.com;01 53 34 66 10
CLOUD CONNECTE;lesolleu@cloud-connecte.com;06 60 31 31 55
CLOUDGLOBALSOLUTIONS;ludovico@cloudglobal.eu;+346173266222
CLOUDNETCARE;;01 75 61 03 15
CLUB TIC NORMANDIE;;02 35 55 26 53
CO-DECISION TECHNOLOGY;naillon@comining.org;01 47 02 24 50
CO-RECYCLAGE;renaud@co-recyclage.com;0627288546
COACH FOR EYES;nathalie@coachforeyes.com;
CODI ONE;direction@codi-one.fr;
CODRA;info-codra@codra.fr;01 60 92 34 34
CoESSI;contacts@coessi.fr;01 30 15 78 82
COEXEL;contact@coexel.com;04 94 05 20 36
COFISOFT;info@cofisoft.fr;02 54 22 30 00
COGENDI;bc@cogendi.com;01 41 91 75 75
COGITIS;info@cogitis.fr;04 67 16 18 00
COGNIZANT TECHNOLOGY SOLUTIONS FRANCE;isabelle.babin@cognizant.com;01 70 36 56 60
COLE INTERACTIVE;quentin@cole-interactive.com;
COLLECTIVE THINKING;gestion@collective-thinking.com;01 84 25 04 08
COLLECTIVZ;boris@collectivz.info;0671478697
COM'INT;;
COM.PERFORMANCES;clients@comperformances.fr;03 74 11 12 88
COMARCH;anthony.delvalle@comarch.fr;03 62 53 49 00
COMATEK SAS;contact@comatek.fr;09 51 25 13 87
COMBO SOLUTIONS SARL;hello@combosolutions.eu;04 78 39 44 28
COME OUT;richard.bessis@antheainteractive.com;
COME UP;fabienne@come-up.com;0676385400
Comète;contact@comete.io;
COMMOD;commod@commod.fr;08 10 00 70 26
compellia;contact@compellia.com;
COMPONIZE;;09 70 44 60 47
COMPTACOM;contacts@compta.com;0243641717
COMPUTACENTER FRANCE;;01 48 17 41 00
COMPUTER ENGINEERING;contact@computer-engineering.fr;01 42 68 83 83
COMPUTERLINE INFORMATIQUE;amar@computerline.fr;04 42 58 64 12
Compuware Software Group SAS;;
ComThings;jl.peyre@comthings.com;04 92 10 38 81
COMWATT;contact@comwatt.com;
Concilio;contact@concilio.com;
CONSORT NT;info@consortnt.fr;01 40 88 05 05
CONSTELLATION;contact@constellation.fr;01 58 75 79 04
CONTENTSERV;marketingfrance@contentserv.com;
CONTINGENCES;contact@contingences.com;04 91 11 87 53
CONTINUUM+;contact@continuumplus.net;0145335739
CONTRACTCHAIN;;
ControleTechniqueGratuit.com;contact@controletechniquegratuit.com;03 39 33 00 00
Convergence;contact@convergence-international.com;
CONVERGENCE ITC;contact@convergence-itc.com;03 44 82 43 97
Conversaa;contact@conversaa.com;01 83 64 09 72
COOPERTEAM;admin@itn-group.eu;04 92 90 64 80
COOPTIMISE;contact@cooptimise.fr;0633609296
COPERIS PARTNERS;info@coperis.com;01 30 75 06 38
COREXTRAD;infos@corextrad.com;05 96 60 46 36
CORINNE CABANES ET ASSOCIES;p.cherel@corinnecabanesetassocies.com;0534260404
CORSAIR SYSTEM;drh@corsair-system.fr;06 60 83 08 04
COSMO CONSULT SAS;fr.info@cosmoconsult.com;01 83 01 03 60
COSMOS CONSULTING;contact@cosmos-consulting.fr;04 13 57 04 25
CPC Analytics;mail@collaborative-policy.com;
craft ai;contact@craft.ai;
CREATIVE INGENIERIE;contact@creative-ingenierie.fr;02 99 27 20 65
CRÈME DE LA CRÈME;;
CRITEO;contact@criteo.com;01 40 40 22 90
CRYPTOLOG INTERNATIONAL;info@cryptolog.com;01 44 08 73 00
CRYSTALCHAIN;froseau@crystalchain.io;
CS SYSTEMES D'INFORMATION;marketing.cs@c-s.fr;01 41 28 40 00
CSE;contact@cse.fr;01 53 89 50 00
CSE PUBLISHING;consulting@csepublishing.fr;0680463335
CTAC Web Conseil et Gestion de projet e-commerce et digital;contact@ctacweb.com;
CURATOR STUDIO;contact@curatorstudio.com;01 44 61 14 31
CURSUS PRO;info@cursuspro.com;0182832200
CUSTOMARY;contact@customary.fr;09 65 19 81 28
CVO-EUROPE;communication@cyberconseil.com;04 72 84 61 61
CYBEL - E - LEARNING;contact@cybel.fr;01 42 56 25 97
CYBELETECH;contact@cybeletech.com;
CYBERHILL SAS;contact@cyberhill.fr;
CyberLogos;contact@cyberlogos.eu;
CYCLAD FRANCE;bds@cyclad.fr;01 76 21 57 62
CYCOM FINANCES GROUPE;ADMIN@CYCOMFINANCES.COM;01 77 69 02 10
CYLANDE GROUPE;contact@cylande.com;03 59 00 06 88
CYLOGIE SAS;contact@cylogie.fr;09 51 05 37 02
CYLRESC;contact@cylresc.eu;04 28 29 74 17
CYM PREDICTIVE MAINTENANCE;adrif@cym-iot.com;0635511930
CYNAPSYS TECHNOLOGIES;info@cynapsys.de;01 83 64 45 69
CYNSIS;contact@quakeshare.com;06 75 06 84 91
CYRWARE TECHNOLOGY;contact@cyrware-technology.com;
Cœur de Compétences;pro@coeurdecompetences.fr;
D-clics;stephaniepiot@gmail.com;
D.FI SERVICES;cds@d-fi.fr;01 58 87 32 00
D2E;contact@process2wine.com;05 35 54 00 35
D2X EXPERTISE;contact@d2x-expertise.com;04 78 94 87 87
DAILY BOARD;d.giunta@dailyboard.eu;
DAILYMOTION SA;prenom.nom@dailymotion.com;01 77 35 11 00
DALISYS;contact@dalisys.com;01 39 51 98 38
DARVA;darva@darva.com;05 49 77 14 14
Darwin Consulting et Finance;rui.guerra@darwincf.com;
DASHLANE;francois.bayard@dashlane.com;01 82 72 60 60
DASSAULT SYSTEMES BIOVIA SARL;;
DATA IN MOTION;contact@wdsolutions.fr;09 77 55 36 60
DATA PRIVACY PROFESSIONALS;contact@dataprivacy.pro;0606784965
DATA-MOOVE SAS;guignard@data-moove.fr;
DATAKEEN;bruno@datakeen.co;0689167266
DATALP;contact@datalp.com;04 50 71 93 33
DATALYO;info@datalyo.com;
DataRespect;p.michel@magush.io;
DATASOLUTION;info@datasolution.fr;01 83 79 02 10
DATAVALUE CONSULTING;gestion@datavalue-consulting.com;
DATRONIC;ndomec@datronic.fr;01 48 82 45 46
DAVI;davi@davi.ai;
Davidson Consulting;;01 41 90 68 38
DBSQWARE;michel.payan@dbsqware.com;0603625486
DCI;information@dci.fr;01 64 86 97 97
DCS EASYWARE;accueil@dcsit-group.com;04 78 95 81 70
DEAL INFORMATIQUE;;05 47 50 40 00
DECADE;webcontact@decade.fr;01 53 38 86 10
DEECISIONS/ decision-making collaborative solutions;yannick.grelot@deecisions.com;
DEEPKI;website@deepki.com;0146060919
DEKALEE;antoine@adback.co;0678795453
DELETEC;contact@deletec.fr;01 53 25 06 60
DELIGEO;deligeo@deligeo.fr;
DELIGHT;oliver@delight-data.com;
DELL SECUREWORKS; info@secureworks.com;01 80 60 20 00
DELTACAD;deltacad@deltacad.fr;03 44 90 78 40
DEMASYS;info@demasys.com;05 96 64 99 04
DEOLAN;adm@deolan.com;05 35 54 00 95
DES SYSTÈMES ET DES HOMMES;contact@s-h.fr;01 44 54 26 36
DESIRADE;herve.lambert@desirade.fr;05 81 31 30 80
DEV-HELP;jbtitz@dev-help.fr;06 85 03 57 75
DEVCOMWEB MICROLOGICIEL;contact@micrologiciel.com;01 75 43 63 30
DEVERYWARE;info@deveryware.com;01 80 90 54 80
DEVISUBOX;gna@devisubox.com;09 72 33 05 71
DEVOTEAM;finance@devoteam.com;01 41 49 48 48
DIFENSO;info@difenso.com;01.76.36.08.49
Digibloo;contact@digibloo.com;
DIGIMIND;contact@digimind.com;04 76 70 13 78
DIGITAL & YOU;paris@digitalandyou.com;
DIGITAL AQUITAINE;contact@adeiso.com;05 56 79 51 14
DIGITAL LEAGUE;;04 81 76 14 60
Digital Music Solutions;contact@digitalmusicsolutions.fr;
DIGITAL REUNION;equipe@digitalreunion.com;02 62 92 24 50
DIGITAL SURF;contact@digitalsurf.fr;
DIGITALPLACE;contact@digitalplace.fr;06 83 14 99 69
DIGITECH;contact@digitech.fr;04 95 06 94 00
DIGITFR;contact@digitfr.com;
DIGORA;isabelle.renou@digora.com;03 88 10 49 29
DII;infodii@dii.fr;02 32 64 38 88
DILITRUST;marketing@dilitrust.fr;
DIMA CONSULTING;contact@dimaconsulting.fr;0142007996
DIMELO SA;;01 77 37 27 57
DIMENSION DATA FRANCE;;01 49 75 86 00
DIMO SOFTWARE;contact@dimosoftware.com;04 72 86 01 90
DIRECT@WEB;info@direct-web.fr;03 86 71 60 50
DIROX;laurent.peguret@synexser.com;+33650466612
DISPLAYCE;laure.malergue@displayce.com;
DISTENE;info@distene.com;01 69 26 62 10
DITISCRM;contact@ditiscrm.com;
DIVALTO;info@divalto.fr;03 88 64 50 60
DLM SOFT;dlmsoft@dlmsoft.fr;03 85 46 01 50
DMD Santé;contact@dmd-sante.com;
DMR SERVICES;;04 74 29 23 70
DMS DIGITFEEL;contact@groupe-dms.com;0562887272
DOCAPOST SAS;;01 56 29 70 01
DocDocDoc;;
DOCDOKU;info@docdoku.com;05 61 72 24 09
Docteur Alphonse;hello@docteuralphonse.fr;
DOKEVER;contact@dokever.com;0437496272
DOLIST.NET;info@dolist.net;05 57 26 25 70
DOMUS PREVENTION;contact@domus-prevention.fr;
DORIANE;prenom.nom@doriane.com;04 92 47 84 44
DOSHAS CONSULTING;contact@doshas-consulting.com;0184200783
DOUBLETRADE;;
DPO Consulting;contact@dpo-consulting.com;
DreamQuark;contact@dreamquark.com;
DRIVEMEIN;contact@drivemein.fr;
drivy;;
DRONE INDOOR;c.menard@droneindoor.com;0629862379
DroneHive;contact@dronehive.fr;
DRONOP-TIC;dronoptic@gmail.com;06 92 72 07 42
DSI;dsi.ap@dsi-ap.com;05 62 74 10 00
DSI CARAÏBES;yann.leveque@dsi-caraibes.com;01 45 37 95 81
DSIA;;02 51 81 85 85
DVSANTE;coordination@dvsante.fr;
DXC TECHNOLOGY;;01 55 70 70 70
DXO LABS;info@dxo.com;01 55 20 55 99
DYNASYS;contact@dys.com;03 88 19 14 14
DYNATRACE;;01 41 14 20 00
Dynseo;;
e-ajeo Santé; santeautonomie@orange.fr;
E-BISCUS;contact@e-biscus.eu;0787104317
E-DEAL;;01 73 03 29 80
E-GEE;d.lemee@egee.fr;04 56 52 33 00
E-Mana;commercial@e-mana.co;
E-NETWORK INTELLIGENCE;contact@e-ni.net;04 42 41 68 77
e-progest;contact@e-progest.fr;
E-QUAL;social@e-qual.fr;05 16 44 24 00
E-SOLUTIONS SAS;infos@e-solutions.tm.fr;09 50 24 88 70
e-ssencials digital health;hello@e-ssencials.com;
EALICO;contact@ealico.fr;0689768049
EASY GLOBAL MARKET;expertise@eglobalmark.com;
easyWelcome;hello@easywelco.me;09 70 46 75 08
EAUCTION;eauctionlive@gmail.com;
EBA CONSULTING;sas.ebaconsulting@numericable.fr;
EBP INFORMATIQUE;;01 34 94 80 00
ECOMUNDO;contact@ecomundo.eu;01 83 64 20 56
ECONOCOM;;01 41 67 30 00
ECY Conseil;;
EDIGITAL.FR;contact@edigital.fr;0608703928
EDISSYUM CONSULTING;contact@edissyum.com;04 90 40 91 86
EDIT YOURSELF;;04 93 19 00 20
EDOKIAL;contact@edokial.com;04 77 48 44 44
EDSI;direction@edsi-smartcards.com;02 57 87 29 60
EEGLE;contact@eegle.io;
EFFECTIVE YELLOW;contact@effectiveyellow.com;
EFFISOFT;contactfr@effisoft.com;01 42 93 33 33
EFISENS;contact@efisens.fr;01 44 37 07 07
EKYLIBRE;contact@ekylibre.com;0950772110
ELANZ;contact@groupe-elanz.com;01 41 19 74 74
ELCIA;contact@elcia.com;04 72 18 51 41
ELCIMAI;elcimai@elcimai.com;01 64 10 47 20
ELECTION-EUROPE;info@election-europe.com;01 46 94 66 07
ELECTRONICS FOR IMAGING FRANCE S.A.R.L;gt@rhapso.fr;01 60 13 79 50
ELÉE;;0177694985
Elia-Consulting;contact@elia-consulting.com;01 53 32 76 20
ELIADIS;contact@eliadis.com;01 41 29 03 29
ELISATH;elisath@elisath.fr;03 83 97 76 98
ELLIPSO FACTO;contact@ellipsofacto.com;
ELSAN;contact@elsan.care;
ELSYLOG;accueil@elsylog.com;02 32 14 02 00
EMAKINA;;05 55 35 04 36
EMASH;contact@emash.fr;03 80 51 77 35
EMATISS;info@ematiss.com;07 82 61 06 19
ENGAGEO;drh@engageo.fr;01 70 16 13 47
ENGIE INFORMATION TECHNOLOGIES;;
ENGIT;contact@engit.fr;0489866971
ENIGMATIC;contact@enigmatic.fr;04 76 29 89 55
ENOVEA;info@enovea.net;02 32 18 22 00
ENTARES;;05 61 34 96 39
ENVIVIA;contact@envivia.fr;0596380771
EOLE CONSULTING;;
ERELIA;info@erelia.fr;04 42 50 83 83
Ergozel;administratif@ergozel.fr;09 55 52 74 74
ERI BANCAIRE;eri@eri.ch;01 55 37 85 85
ERICA;erica@erica.fr;04 93 14 03 03
ERIDANIS FRANCE;prenom.nom@eridanis.com;
ERT;contact@ertgroupe.fr;01 69 35 12 12
ESABORA;contact@esabora.com;01 45 65 14 16
ESANTÉ SOLUTIONS;jerome.duvernois@esantesolutions.fr;0676938168
ESDI EUROPEAN INFORMATIQUE;contact@esdi.fr;08 20 82 08 04
ESI GROUP PARIS;info@esi-group.com;01 53 65 14 14
ESI4U;contact@esi4u.fr;03 28 61 20 31
Esioox.com;contact@esioox.fr;09 70 80 55 01
ESKER;info@esker.fr;04 72 83 46 46
estasendo;;
ESTEREL TECHNOLOGIES;sales@esterel-technologies.com;01 30 68 61 60
Ethan McGregor;recrutement@ethanmg.fr;
ETHERTRUST;yvon.leroy@ethertrust.com;03 22 53 26 26
ETHIC TECHNOLOGY;contact@ethic-technology.com;
ETIC SERVICES;services@etic.yt;02 69 61 53 53
ETUDES INFORMATIQUES ET SERVICES;info@eis-informatique.com;0299721515
EUDONET;infos@eudoweb.com;01 47 37 60 30
EUKLID;contact@euklid.fr;
EURECIA;contact@eurecia.com;05 62 20 03 69
EUREKA SOLUTIONS;;03 89 51 20 20
EURELIS;contact@eurelis.com;01 49 97 20 20
EURISIS;ssii@eurisis.fr;03 28 33 33 28
Euro NetSecure & Defense Consulting;contact@ensd.fr;01 70 38 53 36
EUROEDI;commercial@euroedi.com;05 56 65 75 60
EURONEXT TECHNOLOGIES SAS;;01 73 03 14 14
EUROSTEP;france@eurostep.com;0130131440
EuroXA;france-info@exa.com;
evalandgo;contact@evalandgo.com;04 67 13 01 24
EVALDEV;contact@evaldev.io;0661029925
EVERIAL;infos@knowings.com;04 79 65 04 25
EVERLOG;contact@everlog.com;05 56 16 10 46
EVERMAPS;;01 41 38 38 38
EVERTEAM SOFTWARE;info@everteam.com;04 26 68 33 00
EVERTEST;jerome.bouchard@evertest.com;01 39 72 10 10
Evertygo;contact@evertygo.com;
EVERWIN;info@everwin.fr;01 69 78 14 14
EVIDENCE INFO;contact@evidence-info.fr;0278940364
EVIDENCY;;
EVODE;bmestre@evode.fr;04 22 14 00 20
EVOLIX;info@evolix.fr;04 91 05 92 54
EVS TOULOUSE SAS;info.opencube@evs.com;05 61 28 56 06
Exabel;contact@exabel.fr;01 41 05 48 10
EXAEGIS;laurent.briziou@exaegis.com;02 47 87 10 10
EXAKIS;communication@exakis.com;05 59 43 53 33
Exalinks;contact@exalinks.com;
EXPEMB;contact@expemb.com;01 77 04 80 35
EXPERTISE FRANCE;;0170827082
EXTERN IT;contact@extern-it.fr;0616189393
EXTRAPOLATIONS;pierre@extrapolations.fr;0650237080
eZ Systems;info.fr@ez.no;
EZAKO;commerce@ezako.com;
ezyData;contacts@ezydata.fr;
F-SECURE SDC SAS;france-support@f-secure.com;08 20 00 07 59
FACEBOOK FRANCE;;
FACNOTE;contact@facnote.com;0484490527
FACTORY GROUP;contact@factorygroup.fr;
factoryThings;admin@factorythings.com;
FANVOICE;contact@fanvoice.com;09 72 48 72 22
FEALINX;contact@cadesisgroup.com;
FELIX INFORMATIQUE;contact@felix.fr;03 83 96 23 23
FENYX CONSULT;contact@fenyx.fr;0428270320
FG CONSULTING;frederic.gaye@lereferencementnaturel.org;0146376957
FGS CONSEILS;contact@fgs.fr;
FIME;;01 41 98 48 20
FINELOG;daf@finelog.fr;01 41 10 00 40
FITELEC PRODUCTION;info@fitelec.fr;02 35 80 48 04
fleetimpact;contact@fleetimpact.com;
FlexThings;hdrion@flexthings.net;
FLIT;hello@norbertapp.com;0623530127
Flylab;antoine.pic@gmail.com;
FOCUS INOVA;contact@focus-inova.com;01 77 62 45 25
FOODCONNEXION;presse@foodconnexion.com;
Foosball Society;info@tecbak.com;
ForePaaS;contact@forepaas.com;
FORMAT;format@format.fr;02 62 42 67 89
FORMI-SA;contact@formi.fr;05 61 71 79 71
FORTIA Financial Solutions;contact@fortia.fr;01 80 96 41 66
FRANCE LABS;contact@francelabs.com;04 92 91 14 27
FS2I;message@fs2i.fr;01 39 07 28 28
FULLSAVE;contact@fullsave.com;05 62 24 34 18
FUTURMASTER;commerce@futurmaster.com;01 46 08 05 45
FUTURNESS;contact@futurness.com;0 805 033 032
G-ECHO;contact@g-echo.fr;06 03 62 14 40
G2C INFORMATIQUE;direction@altereo.fr;04 42 54 00 68
GAMEBUINO;rodot@gamebuino.com;0622353071
GATEWATCHER;contact@gatewatcher.com;0144519261
GAVDI FRANCE;info@gavdi.com;
GCS E SANTE DES PAYS DE LA LOIRE;magali.gauquelin@esante-paysdelaloire.fr;02 44 76 13 90
GCS E-SANTE BOURGOGNE;contact@esante-bourgogne.fr;03 85 48 21 75
GE DIGITAL SERVICES EUROPE;edouard.ghedighian@ge.com;
GEMTIC;contact@gemtic.yt;06 39 09 82 05
GENERIX;contact@generixgroup.com;03 20 41 48 00
GENESIS GROUPE;contact.lyon@genesis-groupe.com;04 72 86 05 05
GENFOTECH FRANCE;contact@genfotech.fr;
GENWIN.TECH;contact@genwin.tech;03 88 97 39 73
GENYMOBILE;contact@genymobile.com;01 83 64 25 40
GÉONOMIE;contact@geonomie.fr;06 31 49 45 39
GERCOP DIGITAL;contact@gercop-digital.com;0148202000
GFI INFORMATIQUE;;01 44 04 50 00
GIE FASTOR;contact@fastor.com;
GINERATIV;relationsclients@ginerativ.fr;01 57 57 58 21
GIP-MDS;;01 58 10 47 00
GiraffEquity;contact@giraffequity.com;
GISMARTWARE;acceuil@gismartware.com;
GLIM;contact@glim.fr;04 20 88 00 53
GLOBAL SP;;08 20 56 11 11
GLOBALIS MEDIA SYSTEMS;infos@globalis-ms.com;01 82 83 51 70
GLOBALLIANCE;info@globalliance-solutions.com;04 72 43 01 16
GM CONSULTANTS;gmc@gm-consultants.com;01 76 70 03 90
GMT EDITIONS;contact@gmt-editions.fr;09 50 30 09 02
Goalban.fr;alban.guillien@gmail.com;
GOLDEN BEES;contact@goldenbees.fr;01 70 71 89 41
GOODWEASE;sc@goodwease.com;+33684724552
GOOGLE FRANCE;;04 12 68 53 00
GOPENED;help@gopened.com;
Gowento;contact@gowento.com;
GPI;aa@g-p-i.fr;04 37 22 11 88
GRAND EQUIPEMENT NATIONAL DE CALCUL INTENSIF (GENCI);campeas@genci.fr;
GRASP-SAS;office@grasp-sas.com;0786805180
GREENFLEX;contact@greenflex-group.com;01 40 22 14 60
GRIDPOCKET;contact@gridpocket.com;04 89 86 69 20
GROUPE 3E;;01 45 63 07 00
GROUPE ARTIC SOLUTIONS;bdl@bdlinfo.com;02 41 58 52 18
Groupe Articque Solutions;info@articque.com;02 47 49 73 74
Groupe ATF;contact@atf.fr;
GROUPE CARTÉGIE;;01 44 51 66 99
GROUPE CONVERGENCE.COM;contact@groupe-convergence.com;05.49.66.60.00
GROUPE ELABOR;marketing@groupe-elabor.com;03 80 50 81 81
GROUPE EQUITY;;01 75 60 12 27
GROUPE FBO;contact@groupefbo.com;02 51 34 24 66
GROUPE HLI;;01 46 93 30 40
GROUPE ONE POINT;syntec@groupeonepoint.com;01 46 94 95 96
GROUPE SAB;direction@sab2i.com;01 43 94 94 01
GROUPE SCR;;01 73 79 07 00
GROUPE SEPHIRA;;02 43 78 95 98
GROUPE SEWAN;contact@sewan.fr;0176210000
GROUPE STEDIA;;04 42 65 43 88
GROUPE SYNOX;contact@synox-group.com;08 20 42 03 37
GROUPE T2I;info@groupe-t2i.com;04 72 52 30 00
Growing Tree Consulting;;
GS1 FRANCE;infos@gs1fr.org;01 40 22 17 00
GUADELOUPETECH;;
GuestViews;contact@guestviews.co;
GUMI EUROPE;;
H WEB PRODUCTIONS;thomas@hkwebs.fr;0648893873
H-ADVICE;;
H2I;contact@h2i.fr;04 72 68 25 00
H4D;contact@h-4-d.com;01 70 81 49 49
H@ANA CONSULTING;info@hanacg.com;
HAKISA;contact@hakisa.com;03 88 24 55 14
HandsUp;admin@handsup.com;
HAPROXY TECHNOLOGIES;contact@haproxy.com;01 30 67 60 74
Hapticmedia;contact@hapticmedia.fr;09 52 92 89 70
HARMONIC EUROPE;danielle.benoist@harmonicinc.com;
HARMONIE TECHNOLOGIE;solveig.amiaud@harmonie-technologie.com;01 73 54 30 00
HARVEST;contact@harvest.fr;01 55 82 07 00
HD Technology;contact@hdtechnology.fr;04 72 14 68 90
Healthways France;;01 72 92 06 66
HEDGELOG;info@hedgelog.fr;0651504246
HELIS;contact@helis.fr;01 53 20 05 12
HELIX Développement;contact@helix-dev.fr;03 80 78 21 20
HENIX;contact@henix.com;01 42 31 02 00
Henoïda;info@henoida.com;
HETISS;contact@hetiss.com;
HEURITECH;info@heuritech.com;+33 1 44 49 06 26
HEVA;contact@hevaweb.com;04 72 74 25 60
HEWLETT PACKARD ENTERPRISE;;08 20 21 12 11
HEXAGO-ON;alex@hexago-on.com;0623290069
Hi-From;esorasio@hi-from.com;
HIGHROAD;sylviane.collina@boxperso.com;0262559849
Hippocad;contact@hippocad.com;01 75 10 60 87
HITECH SAS;info@hitech.fr;05 62 16 26 26
HIVENCY;hello@hivency.com;0640306132
HONESTICA;nadia@honestica.com;
HOP ONLINE;bonjour@hopcrm.com;05 62 16 91 41
Hopways;contact@hopways.com;
HORIZON CONNECT;info@hsoftware.com;01 42 60 94 90
Horus Ocean Indien;contact@horus-oi.com;
HOSMEDIS;contact@hosmedis.com;0660493240
HOTLINE;;01 53 46 61 91
HR CONSEIL;contact@hrconseil.com;01 45 72 50 18
HR-ITCONSULTING;fconstanty@hr-itconsulting.com;04 73 40 51 37
HTS Expert Consulting;contact@hts-expert.com;01 75 43 51 01
HUAWEI TECHNOLOGIES;receptfr@huawei.com;01 46 20 60 60
HUB ONE;;01 70 03 85 00
HUBWORKAIR;contact@hubworkair.com;0627960246
HUMANCRAFT;mfloucaud@humancraft.eu;0609588885
HUSSON;;05 53 03 37 87
Hxperience;contact@hxperience.com;
HYBIRD;contact@hybird.org;04 91 11 87 78
HYPERPANEL LAB;hyperpanellab@magic.fr;01 69 85 30 07
Hypervision Technology;contact@hypervision-technology.com;
HYPRA;contact@hypra.fr;
I By Intelligence;contact@ibyintelligence.fr;
I-ADMINISTRATION;bf@ipeos.fr;0690497309
I-COM;infos@i-com.fr;03 80 60 52 99
IADVIZE;contact@iadvize.com;02 53 45 00 33
IBM FRANCE;demerle@fr.ibm.com;01 58 75 00 00
IBROWSE;office@ibrowse.com;0170618313
IBSI;ibsi@ibsi.fr;01 41 19 66 17
ICARE INFORMATIQUE;info@icare-informatique.com;03 88 56 95 95
icsis est;contact-est@icsis.fr;03 88 18 45 48
IDAXIO;office@idaxio.com;09 52 80 10 03
IDECSI;contact@idecsi.com;
IDFOR SOLUTIONS;contact@idfor-solutions.com;+33784074581
IDIGITAL;compta@idigital.fr;0155950054
ido-data;hello@ido-data.fr;
IDOPIC;eric.valat@idopic.fr;
IDSOFT;idsoft@idsoft.com;05 56 47 83 83
IFS FRANCE;drh@ifsworld.com;03 89 50 72 72
IGEXAO;info@ige-xao.com;05 62 74 36 36
IGM;igm@igmcentre.fr;
IGNITIONONE;;0140417255
IGUANE SOLUTIONS;compta@iguanesolutions.com;08 92 68 44 47
ILABS;efauro@ilabs.fr;0672670252
ILEX;info@ilex.fr;01 46 88 03 40
ILYEUM;info@ilyeum.com;01 83 81 96 00
IMIE Services;contact@imie.fr;
IMPLEX;info@implex.fr;04 72 18 09 90
IMPRIMA (France) SARL;paris.sales@imprima.com;01 58 36 06 60
IMS NETWORKS;courrier@imsnetworks.com;05 63 73 50 13
IN CONCEPT;;
IN SITU CONSEIL INFORMATIQUE;remi@insitu-conseil.com;05 56 47 14 32
IN-FORM;contact@in-form.co;
INCITIUS Software;contact@incitius.com;
INCOTEC;georges.schneider@incotec.fr;03 88 55 18 18
INDEX EDUCATION;info@index-education.fr;04 96 15 21 70
INEAT CONSEIL;contact@ineat-conseil.fr;03 20 00 80 37
iNet System;contact@inet-system.fr;
INEXINE;contact@inexine.com;04 66 35 71 05
INFINIGATE FRANCE SAS;info@infinigate.fr;01 80 73 04 24
INFO.U;assistance-info.u@systeme-u.fr;04 67 16 14 14
INFOCLIP;contact@infoclip.fr;01 43 18 19 20
INFOCOB SOLUTIONS;;02 51 21 64 64
INFOELSA;infoelsa@infoelsa.com;01 42 89 58 28
INFOLINK;info@1folink.com;01 55 62 15 00
INFOLOGIC-SANTE;commercial@infologic-sante.fr;
INFOMIL;mail@infomil.com;05 67 76 20 00
INFOPROJECT;contact@infoproject.fr;03 80 60 07 60
INFOR FRANCE SAS;;01 47 95 90 00
INFORMATION BUILDERS FRANCE SA;ib-france@ibi.com;01 49 00 66 00
iNFORMATIQUE PROFESSIONNELS;contact@ipsas.fr;
INFORQUIN;Contact@inforquin.fr;01 30 16 43 90
INFORSUD GESTION;contact@inforsud.com;05 65 67 91 00
INFOSYS;;01 56 39 12 00
INFOTEM SA;info@infotem.fr;01 55 26 89 79
INFOVISTA;sales@infovista.com;01 64 86 79 00
INGENICO;;01 58 01 80 00
INGENIERIE DIFFUSION MULTIMEDIA;info@idm.fr;01 64 61 31 50
INNO3 SAS;contact@inno3.fr;01 83 64 09 89
iNNOECO;contact@innoeco.Fr;01 69 82 93 08
INNOVATION SANTÉ CONSEIL;contact@actis-innovation.com;06 78 73 96 71
INOP'S;contact@inops.fr;01 75 77 13 77
INOVANS SUD OUEST;institutionnel@inovans.fr;05 34 30 43 70
INOVIA;contact@inovia.fr;01 83 64 48 72
INOVOPS;contact@inovops.com;
INSTANT SYSTEM;contact@instant-system.com;04 89 86 69 66
INSYNIUM;;
INTELLIMIND;emind@intellimind.fr;01 42 33 14 46
INTEMPORA;contact@intempora.com;01 41 90 03 59
Intent Technologies;contact@intent-technologies.eu;
Inter Action Sourcing;;
interact-iv.com SAS;adm-rh@interact-iv.com;08 26 10 23 21
INTERCLOUD;contact@intercloud.com;01 81 80 26 00
INTERFACES NOUVELLES;interfaces-nouvelles-wind@orange.fr;
INTERMEC TECHNOLOGIES;infos.fr@intermec.com;01 41 44 30 50
International SOS;;
INTERSA;contact@intersa.fr;01 40 40 22 22
INTERSEC;contact@intersec.com;01 55 70 33 33
INTEXAN;sales@intexan.com;06 19 20 25 85
INTM SAS;flore.boulben@intm.fr;01 46 17 01 10
INTRINSEC SECURITE;contact-securite@intrinsec.com;01 41 91 77 77
INVENIS;hello@invenis.co;0688532705
INVIDAM;;
INVIVOO SOFTWARE;admin@neomantis.com;01 80 88 70 40
Inwibe;damien.heiss@inwibe.com;
INWIN;monaco@inwin.fr;+377 97 97 61 20
IOT FLOWERS;info@iot.flowers;0680246092
IP TRUST;pb@iptrust.fr;0181921715
IP-LABEL;contact@ip-label.net;01 77 49 53 00
IRIS FRANCE;info@irislink.com;01 56 70 70 70
IRT B-COM;contact@b-com.org;02 56 35 88 00
IRT SYSTEMX;contact@irt-systemx.fr;
IS2T;fred.rivard@is2t.com;02 40 18 04 96
IS4RI;vbrasse@is4ri.com;
isahit;isabelle@isahit.com;
ISATECH;info@isatech.fr;02 97 68 23 00
ISIA;diapason@isia.fr;05 62 45 16 21
ISIWARE;info@isiware.fr;02 40 92 09 72
ISODOM SARL;;02 62 56 21 25
IT&M;administratif@it-m.fr;01 72 92 06 09
IT&M Regions;agence@itm-regions.fr;
IT-TUDE GROUPE QUODAGIS;info@it-tude.fr;01 34 30 08 92
IT4Control;contact@it4control.com;01 30 83 51 44
ITEMS INTERNATIONAL;contact@items.fr;01 43 38 62 62
ITEX CONSULTING;contact@fitex.com;01 55 33 12 20
ITHEIS;contact@itheis.com;04 42 21 57 02
ITIKA;contact@itika.net;04 91 42 53 41
ITISY;contact@itisy.fr;03 88 97 36 10
ITNOVEM;contact@itnovem.com;09 88 81 67 00
ITO 33;info@ito33.com;01 47 07 08 12
ITOP Education;contact@itop.fr;01 76 91 52 00
ITRUST;contact@itrust.fr;09 80 08 36 12
ITS Future SAS;florian.petit@its-future.com;
ITycom France;contact@itycom.com;
iVee;contact@ivee.fr;
IWE;contact@iwecloud.com;
IZYPEO;;04 22 13 01 21
JAEKSOFT;contact@open-search-server.com;06 63 17 09 29
JAGUAR NETWORK;;08 11 65 61 11
JAKE;contact@jake-digital.com;
JALB GROUP;;01 80 04 87 40
JAMESPOT;info@jamespot.com;01 48 58 18 01
JANUA;infos@janua.fr;09 50 26 03 70
JBG CONSULTANTS;lrouttier@jbg.fr;02 99 23 46 84
JE RÊVE D'UNE MAISON;hello@jerevedunemaison.com;01 78 90 26 09
JECHERCHEUNDEV.FR;hello@jechercheundev.fr;03 67 88 01 14
JES LABS;contact@jes.fr;02 40 92 30 28
JESUISENCOURS;ds@jesuisencours.com;0668060010
JeSuisRiskManager;maxime.durand@terrimetrics.com;
JEVEUXJAURAI;ryma@jeveuxjaurai.com;0633749420
JLB INFORMATIQUE;info@jlbinfo.com;01 41 34 04 10
Job In Real Life;contact@jobirl.com;
Jobs-Expertises SAS;contact@seniors-expertises.com;
JPM & ASSOCIES;contact@jpm-next.com;03 80 56 28 11
JPS XPERIENCE;jpsxperience@orange.fr;09 61 52 10 42
JULIE DESK;contact@juliedesk.com;0176380033
JUMIA;prenom.nom@africainternetgroup.com;
JUST SEARCH;comptabilite@justsearch.fr;0175 43 80 78
JUXTA;juxta@juxta.fr;
K2 FRANCE;france-sales@k2.com;01 46 46 11 82
KABIA;;08 11 09 05 08
KADEIX;contact@kadeix.com;
KALIOP;info@kaliop.com;
KALISSEO;joris.thomassin@kalisseo.fr;
KAPIA SOLUTIONS;info@kapiasolutions.com;01 43 91 12 96
KARTABLE;angelique@kartable.fr;
KAWAA;bonjour@kawaa.co;01 84 16 43 02
KEAKR;contact@keakr.com;
KEEEX;contact@keeex.net;
KEENDOO;contact@keendoo.com;
KEENTURTLE;contact@keenturtle.com;06 33 10 21 98
KEONYS;contact@keonys.com;01 81 93 81 93
KEPLER SOLUTIONS;;
KERALIA;contact@keralia.com;
KerMobile Solutions;contact@kermobile.com;01 58 62 52 13
KERN RH SOLUTIONS;contact@kernfrance.fr;
KEYOSQ;;
KEYRUS;contact@keyrus.com;01 41 34 10 00
KEYVEO;contact@keyveo.com;02 35 59 05 91
KEYWORD S.D.;contact@keyword.fr;04 67 07 72 00
KIBOKO;hello@kiboko.fr;0471027223
KIMOCE;commercial@kimoce.com;03 89 43 88 00
KISIO DIGITAL;;01 78 16 43 40
KIWI BACKUP;info@kiwi-backup.com;03 89 33 38 88
Kiwizz;;
KLEE GROUP;;01 46 29 25 25
KNOWESIA;administration@knowesia.com;02 53 35 53 20
KOBOJO;recrutement@kobojo.com;01 76 74 76 10
Koddok;jerome@koddok.com;
KOEDIA;contact@koedia.com;0422135039
KOMERKO;commercial@komerko.fr;01 40 21 26 89
Konverso;contact@konverso.ai;
KOSMOS;contact@kosmos.fr;02 40 20 47 95
KPF ILE DE FRANCE;;01 80 05 98 50
KRIER;info@krier.fr;02 99 63 72 63
KWALYS;contact@nova-media.fr;01 30 71 41 99
KYMEOS;a.guillet@kymeos.com;
KYRIBA SEMEA;info.france@kyriba.com;01 77 92 17 17
L'ATELIER TECH PARIS;contact@latelier-tech.com;
L.V.I;lvi@lvi.eu.com;06 06 78 35 84
LA FAB - FABRICATION ADDITIVE DE BOURGOGNE;contact@la-fab.net;
LA NETSCOUADE;contact@lanetscouade.com;01 44 74 36 66
LA ROUE VERTE;gestion@laroueverte.com;04 82 53 08 90
La Souris;contact@agenceweb-lasouris.fr;
LabOxy;contact@laboxy.fr;
LAMIRAU Ingénierie;denis.c@mirfrance.com;
LANSROD TECHNOLOGIES;contact@lansrod.com;01 42 65 64 06
Larsen & Toubro Infotech Ltd;fred.dupont@lntinfotech.com;01 47 23 92 73
LAURALBA CONSEIL;;04 91 41 99 49LCA - ICSI;contact@lca-icsi.com;01 41 49 07 60
LE REACTEUR;contact@lereacteur.io;01.79.738.728
Le Sphinx;contact@lesphinx.eu;04 50 69 82 98
LEBONCOIN.FR;;
LED'S CHAT;contact@leds-chat.com;06 16 05 16 64
LEDGER;;01 84 01 13 70
LEDGYS;contact@ledgys.io;
LEGAL SUITE SAS;contact@legal-suite.fr;01 41 38 75 75
LEGALBOX;contact@legalbox.com;01 43 20 39 38
LEMON DATA SAS;contact@lemon-data.net;
Lenovo France SAS;;
LES ARGONAUTES;info@les-argonautes.fr;01 55 25 50 70
Les Grappes;contact@lesgrappes.com;
LESICA;;
Level 3 Communications France;nadia.garidi@level3.com;
LEXAN;lexan@lexan.fr;
LEXMARK ENTERPRISE SOFTWARE FRANCE SAS;jerome.nicolet@readsoft.com;01 34 93 28 13
LIGHTON;contact@lighton.io;
LIGNE BLEUE CYBER;lbc@ligne-bleue-cyber.com;01 48 59 14 01
Likwi Group;;
LIMSEO;contact@limseo.eu;09 72 44 17 10
LINAGORA;adeguerry@linagora.com;08 10 25 12 51
LINEDATA;getinfo@linedata.com;01 46 11 70 00
LINKURIOUS;contact@linkurio.us;
Linkweaver;philippe.gerard@linkweaver.biz;
LIPTON INFORMATIQUE SA;contact@lipton-informatique.com;01 44 50 14 00
LIVDEO;ciprian.melian@livdeo.fr;
LMBA;contacts@lmba.fr;04 78 98 94 50
Local View;andrea.jacquemin@localview.fr;
LOGIFORM CONSEIL;;04 37 43 30 34
LOGILINK;logilink@logilink.fr;04 91 99 44 43
LOGIN SA;info.login@login-sa.com;01 41 16 88 00
LOGIQ SYSTÈMES;colibris@logiq-systemes.fr;04 90 09 23 33
LOGITAS;contact@logitas.com;01 45 60 76 78
LOJELIS;contact@lojelis.com;04 73 70 74 14
LoveLiveMusic;bonjour@lovelivemusic.fr;
LUDO-VIC;jack@ludo-vic.com;0609662074
LUDOTIC;contact@ludo-tic.com;04 93 55 67 12
LUNATECH;;
LxA;contact@lxa-conseil.fr;04 83 15 49 61
LYSEDIO;;
M-FILES FRANCE;m-files@m-files.com;0186950515
M2COMM;;
M3C2;maxime@m3c2.fr;0627239617
MACRO4 FRANCE;market.fr@macro4.com;01 79 71 84 50
MADGIC;;
MAGELLIUM;info@magellium.fr;05 62 24 70 00
MAGIC MAKERS;contact@magicmakers.fr;
MAGUID INFORMATIQUE;maguid@maguid.fr;01 55 65 15 40
MAINCARE SOLUTIONS;info@maincare.fr;05 57 89 65 00
MAK-SYSTEM;sales.fr@mak-system.net;01 48 63 27 27
MAKIDOO;contact@makidoo.io;09 62 54 05 67
MAKINA CORPUS;contact@makina-corpus.com;
MALTEM Consulting;;01 77 78 13 00
MANPOWER FRANCE HOLDING;presse@manpower.fr;08 10 00 67 89
MANTANO;contact@mantano.com;01 42 47 05 61
MAP&MATCH;contact@mapandmatch.com;01 84 20 24 34
Mapping Suite;contact@mappingsuite.com;03 20 80 51 51
Margo Conseil;margo@margoconseil.com;01 80 04 10 20
Market iT;contact@market-it.fr;09 84 30 84 14
MARNES CONSULTING;dmanteau@hotmail.fr;
MARTIN INFORMATIQUE;contact@martin-informatique.com;01 30 97 88 08
MASAO;contact@masao.eu;01 45 05 11 75
MATEN;maten@maten.fr;01 49 70 67 40
MATYS CREDIT MANAGEMENT;contact@matys-cm.com;
MBV SI;informatique@mbvsi.fr;01 44 51 60 30
MC2I GROUPE;mc2i@mc2i.fr;01 44 43 01 00
MCARRÉ;contact@mcarre.fr;0426282282
MCNEXT;contact@mcnext.com;01 49 70 81 33
MEDAPPCARE;hello@medappcare.com;
Medi-Productions;info@mediproductions.com;05 55 32 41 70
MEDIALIGHT MULTIMEDIA;info@medialight.com;02 62 41 04 20
MEDIALIS;contact@medialis.info;01 44 52 91 75
MEDIAN TECHNOLOGIES;info@mediantechnologies.com;04 93 33 37 77
MEDIANE SAS;direction@mediane.tm.fr;04 94 86 28 62
MEDIANE SYSTÈME;contact@medianesysteme.com;01 30 15 95 00
MEDIATIME;c.riviere@mediatime.fr;05 34 40 01 11
MEDINSOFT;president@medinsoft.com;06 20 99 17 11
Medissimo;odesnoux@medissimo.fr;
MEDUSIMS;emmanuel.klein@medusims.com;09 67 45 07 68
MEDYSYS;medysys@medysys.fr;01 69 33 24 30
MEETINEO;hello@meetineo.com;01 84 19 41 89
MEETNMAKE;hello@meetnmake.com;06713263091
MEETOBIZ;nathalie@meetobiz.com;
MEG ASSISTANCE;contact@groupemeg.com;
Melis Technology;contact@melistechnology.com;09 72 38 62 80
MEMSOFT;contact@memsoft.fr;01 55 31 75 85
MENTION SOLUTIONS;contact@mention.net;01 84 17 73 49
MERCURIA;mercuria@mercuria.fr;02 40 49 16 49
META4 FRANCE SAS;;01 41 11 74 00
METANEXT;contact@metanext.com;01 42 31 26 70
METAPOLIS;fabien.cauchi@metapolis.fr;
METEODYN;;02 40 71 05 05
METHYS SAS;rh@methys.com;01 42 38 10 62
METI LOGICIELS ET SERVICES;accueil@meti.fr;02 97 37 80 00
METRAWARE;info@metraware.com;04 90 07 77 21
METRIXWARE;contact@metrixware.com;01 55 69 32 20
MGEN TECHNOLOGIE;;01 45 15 00 00
MGI CONSULTANTS;aburg@mgi.fr;01 53 53 41 00
MGIT Group;contact@mgit-group.com;
MICRO FOCUS SAS;marketing.fr@microfocus.com;01 55 70 30 13
MICROPOLE;info@micropole.com;01 74 18 74 18
MICROSOFT;;
MICROSTRATEGY FRANCE;microstrategy-fr@microstrategy.com;01 47 55 56 00
MIDRANGE SOLUTIONS ET SERVICES;info@midrange.fr;01 34 40 95 00
MIJO;info@mijo-app.com;
MIKADOLABS;;
Milanamos sas;Info@milanamos.com;
MindSoft;contact@mindsoft.fr;09 50 49 98 97
MIPIH;mipihrecrutement@mipih.fr;03 22 33 57 00
MIPISE;contact@mipise.com;
Mirakl;cpotier@mirakl.com;09 72 30 30 05
MISTER BELL SOLUTIONS;rh@misterbell.com;01 80 18 26 64
MISTER BOOKING;david.glineur@misterbooking.com;04 91 65 17 56
Mister Harry;claude.poux@misterharry.fr;
MIXCOM;info@mixcom.fr;02 99 14 76 01
Mixdata;;
MIXXIT;renaud.laurent@mixxit.net;09 70 26 00 00
MOBEO GULLIVER.COM;mobeofl.medinsoft@mobeo.fr;04 91 11 88 71
MODIS FRANCE;;01 77 68 36 00
Mon Petit Panier;contact@mon-petit-panier.com;
MOODY'S GROUP FRANCE;;01 53 30 10 20
Moonsplit;info@moonsplit.fr;
MOOV'UP;pierre@moov-up.fr;0478948479
MOPSOS;contact@mopsos.fr;0683777823
MOSKITOS;bertrand.masson@moskitos.fr;
MOSOFT;contact@mosoft.fr;07-68-40-23-70
MOVE IN MED;contact@moveinmed.com;0954811719
MOVENTES;contact@moventes.com;02 72 01 38 28
MOVILITAS;;
MSI EXPERTS;contact@msi-experts.net;04 37 42 72 54
MY INTELLIGENCE AGENCY;jsboige@myia.org;0689156807
MY JOB GLASSES;;
MY LEAD CORNER;dominique@myleadcorner.com;03 62 27 99 40
My-Saam France;contact@my-saam.com;
MYJOBCOMPANY;gregory@myjobcompany.Com;
MyLittleTools;contact@mylittletools.net;01 39 64 12 18
MyPegase;contact@mypegase.fr;
MyRobotics;pa.bastian@myrobotics.fr;
NAELAN;commercial@ksl.fr;04 37 59 81 40
Naoned;contact@naoned.fr;02 85 52 17 21
Nartex;contact@nartex.fr;
NATURAL SOLUTIONS;contact@natural-solutions.eu;04 86 07 35 94
NATURSOFTWARE;contact@natursoftware.com;0149848595
NAVER LABS EUROPE;info@naverlabs.com;0476615050
NAVIGACOM;;01 47 28 84 33
NAVYA;contact@navya.tech;0469731710
NEEDEO;contact@needeo.com;
NeMo Health;drschmoll@orange.fr;
NEODOC;contact@neodoc.fr;04 42 52 24 20
NEOFACTO FRANCE;;01 84 06 98 06
NEOLIANS;;+33 (0)9 55 07 50 04
NEOMADES;contact@neomades.com;05 59 43 85 21
NEOPOST INDUSTRIE;;01 45 36 30 00
NEOTECH SOLUTIONS;;05 47 74 51 61
NEOTEEM;commercial@neoteem.fr;0781900230
NEOTYS;contact@neotys.com;04 42 18 08 30
NEOVACOM;;04 86 01 20 00
NESSI CONSULTING;;01 44 85 51 51
Nessium Consulting;contact@nessium.fr;
NESTWAVE;;01 45 81 71 38
NET-NG;info@net-ng.com;02 23 21 21 50
Netalis;contact@netalis.fr;09 88 25 88 25
NETDEV;bonjour@netdev.fr;0972564893
NetExplorer;contact@bsnet.fr;05 61 61 20 10
NETIA;v.puyau@netia.net;04 67 59 08 07
NETIKA SOLUTIONS IMMOBILIÈRES;eric.davy@netika.com;01 53 75 27 69
Netlight Consulting;info@netlight.com;
NETOPIE;contact@netopie.fr;01 76 21 02 50
Netsas;contact@netsas.com;01 77 13 17 51
NETSYSTEM DIGITAL;team@netsystem-digital.com;0442654450
NETSYSTEM SOLUTIONS;ocazzulo@netsystem.fr;
NETWAVE;contact@netwave.eu;05 61 00 71 50
NEUSTA SAS;info@neusta.ces.com;05 34 50 92 81
NEWBIZ CONSEIL;contact@newbiz-conseil.fr;04 37 45 44 55
NewQuest;administratif@newquest.fr;
NEXEDI;;09 51 08 50 55
NEXEO;info@nexeo.fr;01 40 82 79 00
NEXIAN;;04 78 83 87 09
NEXIO TECHNOLOGIES;admin@nexiogroup.com;05 61 44 02 47
NEXT PERFORMANCE;contact@nextperformance.com;01 48 04 53 21
NEXTERIA PACA;;04 42 93 34 05
NEXTOO;contact@nextoo.fr;03 28 04 52 80
NICE ROAD;contact@nice-road.com;
NIJI;contact@niji.fr;01 58 88 30 72
NIMALING;contact@nimaling.com;
NOLEDGE;contact@noledge.fr;01 30 44 27 18
NOMADVANTAGE;info@nomadvantage.com;
NOMINATION;nominations@nomination.fr;01 82 69 69 00
NORGATEC CONSULTING;contact@norgatec.com;03 20 66 98 88
NORMAND INFO;;01 49 90 86 00
NORMASYS;normasys@normasys.com;01 49 70 41 40
NOTOCORD SYSTEMS;information@notocord.com;01 34 80 00 00
Noury Solutions;hhadjdoula@nourysolutions.com;01 49 21 09 13
NOUVEAUX TERRITOIRES;contact@nouveauxterritoires.fr;04 86 26 01 81
NOVAGEN CONSEIL;contact@novagen.tech;01 72 75 72 51
NOVASANCO;contact@novasanco.fr;
NOVASYS INGENIERIE;pn@pactenovation.fr;01 45 29 06 06
NOVATIM;contact@novatim.com;01 44 62 81 00
NOVITACT;contact@novitact.com;
NOVOLI GROUP;contact@novoli-group.com;
NOVOLYZE;contact@novolyze.com;0983694213
NSI ADMR;nsi55@nsi-sas.com;02 41 48 58 00
NTH;contact@nth.fr;01 42 61 24 24
NUMESIA;contact@numesia.fr;
NUMVISION;contact@numvision.fr;04 27 85 13 30
NUTRITORING Medical Systems;admin@nutritoring.com;
NUXEO;contact@nuxeo.com;01 40 33 79 87
NWX;contact@nwx.fr;02 52 60 02 38
NXO;orlane.dohet@nextiraone.fr;01 72 29 90 00
OASISWORK;;02 85 52 04 52
Oberthur Technologies S.A;;
Occitech;contact@occitech.fr;05 61 40 54 92
OCEANE CONSULTING;;01 80 48 28 00
OCEANE SOFTWARE;service@oceane-software.fr;01 49 41 01 01
OCI 57;;
OCTAVE BIZ;info@octave.biz;08 05 96 03 60
ODALID;contact@odalid.com;09 72 12 90 98
ODASEVA TECHNOLOGIES;contact@odaseva.com;09 67 33 67 38
ODDIRIS;contact@oddiris.com;
ODSIS;contact@odsis.fr;02 51 80 05 33
OE-DIGITAL;contact@oe-digital.fr;09 83 68 22 11
OGMIOS DEVELOPPEMENT;contact@ogmios-dev.fr;
OGMYOS;contact@ogmyos.com;04 42 98 82 03
OH MY KEYS;contact@ohmykeys.com;0800103090
OLANEO CONSULTING;contact@olaneo.fr;+33 (0)1 47 17 64 40
OLFEO;contact@olfeo.com;09 69 39 09 99
OLYMPP;contact@olympp.fr;
OMEGA FINANCIAL SOLUTIONS;hotline@omega-financial-solutions.com;01 53 30 90 60
OMEGACUBE;gs@omegacube.fr;04 91 11 88 49
OMNICIEL;samuel.masson@omniciel.fr;04 91 33 75 68
Omniscol;contact@omniscol.com;
ON-X SA;info@on-x.com;01 40 99 14 14
ONE WEALTH PLACE;admin@onewealthplace.com;0184253040
ONEACCESS NETWORKS;contact@oneaccess-net.com;01 41 87 70 00
ONESYS;sandrine.levesque@onesys.fr;04 27 04 30 73
ONYSOS / DI SYSTEMES;contact@onysos.fr;04 74 09 41 41
ONYX INFORMATIQUE;onyx@onyxinfo.com;03 82 86 44 44
OOSHOT.COM;gutsy@ooshot.com;
OPAL-RT EUROPE;;01.75.60.24.89
OPEN;communication@open-groupe.com;01 71 06 31 28
OPEN BEE FRANCE;info@myopenbee.org;04 50 64 05 51
OPENCELL SOFTWARE;david.meyer@opencellsoft.com;
OpenClassrooms;accounts@openclassrooms.com;01 80 88 80 30
OPENDATASOFT;laeticia.raymand@opendatasoft.com;01 85 09 20 06
OPENHEALTH COMPANY;info@openhealth.fr;0297683700
OPENIP;commercial@openip.fr;0176710505
OPENMINDED CONSULTING;info@opmd.fr;01 83 62 51 79
OPENSCOP;contact@openscop.fr;0477369135
OPENSENSE;contact@opensense.fr;0185088883
OPENSPHERE;contact@opensphere.fr;02 62 52 57 27
OPERA CONSEIL;contact@opera-conseil.com;
OPEXMEDIA;contact@opexmedia.com;+33.770 677 293
OPQUAST;;05 56 40 14 02
OPTI-MIX;contact@opti-mix.fr;09 67 02 93 22
Optimistik;info@optimistik.fr;
Optoo;;
OPUSLINE;office@opusline.fr;01 80 49 02 00
ORACLE FRANCE;;01 57 60 20 20
ORANGE;;01 44 44 22 22
ORBILIO;gilles.cafiero@gcconseil.fr;04 91 11 87 50
ORCHESTRA;contacts@travelsoft.fr;01 44 71 30 20
ORENTIS;contact@orentis.com;08 10 10 00 40
ORION HEALTH;info@orionhealth.com;01 76 21 23 40
ORNESS;ghada.ajaka@orness.fr;01 49 49 09 09
ORONE FRANCE;rhoronefrance@orone.com;0235925965
ORSERY;contact@orsery.fr;
ORTENS;hakim.dib@ortens.com;01 84 16 43 76
Oscaro.com;;
OSIRES;osires@osires.fr;01 49 08 05 30
OSSIA CONSEIL;drh@ossia-conseil.com;01 82 28 43 20
Otherwise;hello@otherwise.fr;
OUICOM*;info@ouicom.fr;01 72 75 73 70
OURCOMPANY;contact@ourcompanyapp.com;0782072620
OUTSCALE;info@outscale.com;08 26 20 63 07
OVERKIZ;marketing@overkiz.com;0450107950
OXALYS TECHNOLOGIES;;01 46 99 18 28
Oxelar;contact@oxelar.com;
OXYA;fdebelloy@oxya.com;01 76 76 40 00
PAD PARTNERS ALLIANCES DEVELOPMENT;rene.causse@pa-development.com;08 73 76 47 12
PARAMETRIC TECHNOLOGY S.A.;;
parkego;contact@parkego.com;
PARSYS TELEMEDECINE;info@parsys.com;0160317040
PARTENOR;contact@partenorgroup.com;01 47 76 19 87
PARTITIO;web@partitio.com;05 34 60 42 84
PARTNER INFORMATIQUE;;03 85 21 02 00
PartnerWin;loicsimon@partnerwin.com;
PATH Finance SAS;contact@pathfinance.org;04 90 17 87 80
PayLead;contact@pipplet.com;
PAYPLUG;contact@payplug.fr;
PC PAL;info@pcpal.eu;01 69 53 46 20
PEAKS;peaksrh@peaks.fr;04 78 69 69 80
PEARL IT Consulting;;01 80 05 11 01
PEARLTREES;contact@pearltrees.net;
PEKA CONCEPT;contact@pkconcept.net;
PENTALOG FRANCE;commercial@pentalog.com;02 38 25 30 30
PER AUGUSTA;contact@per-angusta.com;04 26 28 27 18
PERCALL;contact@percall.fr;04 78 00 45 14
PERFECT COMMERCE FRANCE;;01 42 04 95 15
PERFORMANCE SYSTEMS;contact@perfsys.eu;09 63 51 58 89
PERFOWEB;marketing@oplead.com;01 42 18 52 50
Perspective(S);info@perspective-s.org;09 86 29 94 94
PHIDIAS;jm.micallef@phidias.fr;04 91 11 88 40
PHILES;;
PHOEBE;;01 85 41 03 00
PICA;;
PICTIME;contact@pictime.com;03 28 52 05 20
PICTO ACCESS - PICTO TRAVEL;contact@pictoaccess.fr;06 11 60 53 00
PICTURAE;;
PIPPLET;contact@pipplet.com;
Pitchizy;contact@pitchizy.com;
PITCHY;contact@pitchy.fr;0158201541
PIXAO;pixao@pixao.fr;01 30 05 15 60
PIXID SNC;contact@pixid.fr;01 41 16 34 00
PIXWAYS;info@pixways.com;
PKH INTERNATIONAL;info.contact@pkh-international.com;
PLANET BOURGOGNE;info@planetb.fr;03 80 73 11 12
PLANET CONSULTANT;;
PLATFORM.SH;info@commerceguys.com;01 40 09 30 00
PLICIWEB;stephane.t@pliciweb.com;04 91 11 87 94
Plussh;thibault.wasiolek@plussh.com;
Pocket Result;directioncommerciale@pocketresult.com;
POLE TES;;02 31 53 63 30
POLIGMA;stephane.boisson@poligma.com;06 63 64 95 59
PONANT TECHNOLOGIES;;0689932565
POOCHIE'S;contact@poochies.fr;01 82 15 36 12
POWO;contact@po-wo.com;06 11 52 42 56
PRAIRIAL;contact@prairial.com;06 47 81 38 73
PRAMANA;contact@pramana.fr;0980939228
PRAXIEL;praxiel@praxiel.com;01 42 40 35 35
PRESTASHOP;contact@prestashop.com;01 40 18 30 04
PrestR Informatique;contact@prestr-informatique.fr;
PREVIOO;hello@previoo.com;
PREZEVENT;contact@prezevent.com;09 72 55 11 33
PRIM'X TECHNOLOGIES;contact@primx.eu;04 26 68 70 02
PRIMIS;;01 41 43 10 72
PRIUM PARTNERS;contact@prium-partners.com;01 47 03 15 90
PROBANCE;info@probance.com;01 55 57 12 50
PROGIDYS;contact@progidys.fr;05 55 06 53 65
PROGIMAT;webmaster@progimat.fr;02 62 25 19 00
PROGINOV SA;;02 51 70 93 93
PROGITEAM;contact@ProGiTeam.fr;03 20 20 78 60
PROJECT7;;
PROJETS ET PERFORMANCE;contact@projets-performance.com;04 81 07 61 20
PROJEXION;contact@projexion.fr;03 66 72 53 37
PROLOGUE;info@prologue.fr;01 69 29 39 39
PROMEIS;contact@promeis.com;01 81 50 45 88
PROMETIL;contact@prometil.com;05 62 87 52 42
PROMYZE;contact@promyze.com;05 24 07 80 45
PROS;;08 11 70 78 78
PROSERVIA;info@proservia.fr;02 28 01 52 52
PROSIM SA;info@prosim.net;05 62 88 24 30
Prospective DATA;info@prospectivedata.io;
PROSYS;communication@prosys.fr;01 41 23 27 77
PROSYST;prosyst-seclin@prosyst.fr;03 20 90 43 33
PROWEBCE;compta@prowebce.com;01 70 15 09 50
PROXIAD;;01 44 83 83 70
PROXILOG;info@proxilog.com;03 86 42 77 45
PROXILOOP;hello@proxiloop.com;0612322433
PROXIVAL;contact@proxival.com;03 71 77 00 26
PROXXITY;phcapy@proxxity.com;0660559575
PRYLOS;contact@prylos.com;01 47 03 61 80
PRYSM SOFTWARE;mail@prysm.fr;04 42 97 14 97
PSYLIB;erictanneau2@gmail.com;0671618519
PTV LOXANE;info.fr@ptvgroup.com;01 30 75 75 75
PUISSANCE NET - GROUPE AFG;contact@groupeafg.com;03 20 98 08 43
PULSAR DS;sebastien.boivin@gmail.com;06 52 94 99 78
PW GROUP;;01 49 52 00 47
Pydio;charles@pydio.com;01 76 36 10 75
QALYO;laurent.goldstein@qalyo.com;
Qarnot computing;contact@qarnot-computing.com;
QENVI;;04 92 92 07 74
qgandco;sb@qgandco.fr;
QONTO;;
QOSMOS TECH;contact@qosmos.com;01 78 09 14 40
QUALIAC;info@qualiac.com;04 71 64 60 26
QUANTHOUSE;;01 73 02 32 11
QUANTIC SA;lcourcelle@quantic.fr;01 85 33 01 30
QUANTUM ONE;info@quantum.one;01 42 65 21 01
QUATRAIN TECHNOLOGIES;contact@quatrain.com;04 90 80 40 40
QUINTILESIMS;;01 41 35 10 00
QUORUM;info@quorum-impact.com;
QUOTIUM TECHNOLOGIES;mail@technologies.eu;01 49 04 70 70
QWANT;;
R-COST;luc.bourgain@rcost.fr;05 61 16 80 41
RADIOLINE;contact@radioline.com;01 47 38 73 90
RBS ENTREPRISES;c.rochat@rbs-entreprises.mc;06 17 72 02 12
REAL CONSULTING DATA;contact@realconsultingdata.com;0972888039
RECOMMERCE SOLUTIONS;contact@recommerce.com;01 57 21 71 52
RECOVEO;info@recoveo.com;04 77 71 75 61
RED BEND SOFTWARE;;01 39 44 74 00
RED TECHNOLOGIES;info@redtechnologies.fr;01 84 16 88 32
REDHAT FRANCE;france@redhat.com;01 41 91 23 23
REF ON DEMAND;contact@refondemand.com;01 72 74 60 60
REFEA;oui@refea.fr;
REFLUENCE;refluence.compta@gmail.com;
REGARDS;contact@groupe-regards.com;02 99 83 43 82
RELAIS D'ENTREPRISES;contact@relais-entreprises.fr;0682030144
RELEX;;0359560631
Report one;contact@report-one.fr;01 80 96 00 00
RESEAU CONCEPT;contact@reseau-concept.com;03 80 28 82 30
RESOCOM MTM;gestion@resocom.com;0969321377
RÉSOLUTION INFORMATIQUE;s.reclus@resolution-informatique.com;01 42 75 00 00
RESOPHARMA;;08 20 20 12 29
RETARUS FRANCE;info@fr.retarus.com;01 70 81 55 55
REUNIVEILLE;contact@reuniveille.com;
REVO FRANCE;info@revofrance.fr;0186956350
RézoSocial;partenariat@rezosocial.org;
RFI INFORMATIQUE;rfi.informatique@yoni.fr;04 76 84 25 84
RHAPSODIES CONSEIL;contact@rhapsodies.eu;0144701103
RHENATIC;;03 89 32 76 22
RIMEO;contact@rimeo.fr;
RITMX SAS;contact@ritmx.com;01 53 25 73 51
RivieraWare;contact@rivieraware.com;04 22 13 20 08
RivieraWaves groupe CEVA;info@ceva-dsp.com;04 83 76 06 00
RIVOLI DIGITAL;didier.serrat@rivolidigital.com;
RLE;contact@rle.fr;04 72 53 66 66
RODRIGUE;info@rodrigue.fr;01 39 95 02 32
ROUX INTERVENTIONS;ri.adm@sarl-roux.fr;
RSI;;04 76 52 46 00
RWRI;robert.willer@rwri.fr;0673371576
S2F NETWORK;contact@s2fnetwork.fr;0235226424
S2L Consulting;;
SA ARCHIMED;m.zidi@archimed.fr;03 20 13 10 60
SAAGIE;marie@saagie.com;02 72 88 31 69
SAASWEDO;contact@saaswedo.com;01 42 21 85 85
SAFELOGY;contact@safelogy.com;04 91 11 88 26
SALESFORCE.COM FRANCE;;01 72 10 94 00
SANTECh;clorieux@santech.fr;01 53 46 25 77
SAP FRANCE;;01 46 17 70 00
SAP LABS FRANCE SAS;;04 92 28 62 00
SAPAIG;commercial@sapaig.fr;03 87 73 04 48
SAPIENDO;contact@sapiendo.fr;01 40 37 04 46
Sapiens Group;dir@sapiensgroup.fr;01 75 84 84 84
SARL A2EM;a2em@austral.re;02 62 38 38 29
SARL BMIA;contact@bmia.fr;05 56 39 69 54
SAS GID;contact@gid.fr;03 27 95 86 00
SAS INSTITUTE;comsas@fra.sas.com;01 60 62 11 11
SAS KALLISTE;contact@sas-kalliste.fr;01 84 19 14 59
SATELLIZ;contact@satelliz.com;01 30 15 78 24
SAVANE CONSULTING GROUP;contact@savane-consulting.com;01 58 60 33 70
SB ALLIANCE INFORMATIQUE;;02 33 06 35 00
SBT;ftarpin@sbt.fr;04 78 89 75 40
SCALAGENT DISTRIBUTED TECHNOLOGIES SA;contact@scalagent.com;04 76 29 79 81
SCALIAN;;05 61 00 79 79
SCALITY;sales@scality.com;01 78 09 82 70
SCASSI;contact@scassi.com;05 61 17 08 54
SCC;;01 41 91 33 33
SCHAEFFER PRODUCTIQUE;direction@schaeffer-productique.com;03 89 57 08 40
SCIFORMA INTERNATIONAL;international@sciforma.com;01 56 54 83 00
SEA TPI;contact@seatpi.fr;04 42 98 11 30
SecludIT;info@secludit.com;04 89 86 69 18
SECODIF;info@secodif.com;01 40 33 87 44
SECURINFOR;contact@securinfor.fr;0141735600
SEEing;contact@seeing.fr;01 44 88 58 56
SELLIGENT FRANCE;info.fr@selligent.com;01 44 68 10 70
SELLSY;contact@sellsy.com;08 11 03 38 88
SEMAWEB;info@semaweb.fr;04 86 65 26 22
SENSING LABS;contact@sensing-labs.com;
SENSIO LABS;fabien.potencier@sensio.com;01 40 99 80 80
SENTINELLES DU WEB;contact@sentinellesduweb.com;
SERENISYS;contact@serenisys.com;01 76 77 27 40
ServeU;contact@serveu.fr;
SERVICEPILOT TECHNOLOGIES;info@servicepilot.com;02 40 60 13 30
SFEIR;;01 41 38 52 00
SFI;sfi@sfi.fr;0477911313
Shapter SAS;team@shapter.com;
Shopmium;contact@shopmium.com;09 77 19 96 79
SI-LOGISM;;01 45 75 63 48
SICONSULT;c.lubat@siconsult.fr;05 31 60 20 35
SIDEXA;info@sidexa.fr;01 41 13 31 33
SIEMENS INDUSTRY SOFTWARE;;01 71 22 53 09
SIG CARTO SERVICES;sigcartoservices@gmail.com;
SIGMA INFORMATIQUE;dirco@sigma.fr;02 40 37 14 00
SIHR+MAPS;contact@hrmaps.eu.com;08 99 37 77 26
SII;drh-siege@sii.fr;01 42 84 82 22
SILEANE;;
SILENT SPACE;contact@orfea-acoustique.com;05 55 86 34 50
SILICOM;;01 39 30 46 00
SIMPLICITE SOFTWARE;contact@simplicite.fr;01 45 23 10 69
SIMPLON PROD;prod@simplon.co;
Simply move;;
SINALYS;contact@sinalys.com;01 40 59 00 97
SINAPSE PRINT SIMULATORS;;01 69 35 54 00
SINERGIE;;01 34 79 70 22
SINETIS;jp.regnault@sinetis.fr;04 91 22 55 65
SIPLEO;contact@sipleo.com;04 94 08 65 45
SIR FULL SERVICE;contact@sirfullservice.com;03 88 18 34 67
SISTEMA STRATEGY;contact@sistema-strategy.com;04 78 90 85 72
SIVAN FRANCE;nadege.millet@sivan-innovation.com;0243783309
SIVECO GROUP;contact@siveco.com;01 30 45 98 80
SiVIEW;laure@siview.fr;
SIX-AXE GROUPE;contact@six-axe.fr;01 30 15 44 44
Skillsolutions Software;contact@skillsolutions-software.com;
SKILZ;contact@skilz.fr;03 70 42 10 10
Slickteam;contact@slickteam.fr;
Smart Trade Technologies;;04 42 90 03 97
SMARTESTING;contact@smartesting.com;07 82 58 01 12
SMARTPANDA NETWORK;fabrice.bonnet@smartpanda.com;
SMARTPOINT;contact@smartpoint.fr;01 83 64 27 52
SMARTWARE;contact@smartware.fr;01 64 86 25 25
SMILE;contact@smile.fr;01 41 40 11 00
SMSI;issy@smsi.fr;01 46 48 30 25
SNYPE;contact@snype-consulting.com;09 53 13 49 07
SOASY;contact@soasy.fr;0603855005
SOAT SA;contact@soat.fr;01 44 75 42 55
Social Dynamite;contact@social-dynamite.com;01 77 45 53 86
SOCIALSHAKER;compta@comshaker.com;
SOCLOZ;officemanager@closetome.fr;
SODIFRANCE;;02 99 23 46 00
SOFTBANK ROBOTICS EUROPE;contact@aldebaran-robotics.com;01 77 37 17 52
sOftbridge technology;infos@softbridge.fr;
SOFTEAM CADEXTAN;;01 53 96 84 00
SOFTWARE AG;marketing@softwareag.fr;01 49 87 43 00
SOFTWAY MÉDICAL;infocom@softwaymedical.fr;04 88 71 13 00
SOGEFI INGÉNIERIE GÉOMATIQUE;;05 63 04 45 25
SOGETI FRANCE;;01 58 44 55 66
SOLENT;pbenon@solent.fr;01 41 37 92 90
SOLICIS;contact@solicis.fr;0545606193
SOLOCAL GROUP;contact.groupe@pagesjaunes.fr;01 46 23 30 00
SOLUCIA;contact@solucia.fr;03 20 12 44 90
Solusquare;;04 97 21 90 00
SOMEI;accueil@somei.fr;04 91 57 62 51
SOMONE;adv@somone.fr;01 84 23 04 71
SOPRA STERIA GROUP;contact-corp@soprasteria.com;01 40 67 29 29
SORA LOGICIELS;;
SPARKUP;francois@sparkup.fr;
SPC CONSULTANTS;spc@spcconsultants.com;04 72 67 12 34
SPHERE;hello@sphere.cool;09 52 57 89 56
SPHINX MANAGER;sphinx@sphinx-manager.com;04 91 52 08 66
SPI SOFTWARE;jmlacombe@spi-software.com;05 65 76 51 00
SPIE ICS;;01 41 46 41 46
SPIR OPS;axel.buendia@spirops.com;0624344791
SPOTMYFLAT;eric.valat@spotmyflat.com;
SQLI;info@sqli.com;01 55 93 26 00
SQUORING TECHNOLOGIES;contact@squoring.com;05 81 34 63 97
SRA SUD OUEST;remi.tremoulet@groupe-sra.fr;05 67 31 31 50
SRC SOLUTION;;
Stabilis;contact@stabilis.fr;
STAFFMAN;contact@staffman.fr;06 63 27 27 03
STAGIAIRES SANS FRONTIERES - SSF;contact@stagiairessansfrontieres.com;
START CORPORATION;startcorpo@mail.com;0630449742
STEEMIND;c.trifanescu@steemind.com;04 67 16 19 88
STET;business@stet.eu;01 49 00 23 00
STIMUL'ACTIV;contact@stimulactiv.com;09 71 00 03 72
STOR SOLUTIONS;;02 62 48 36 36
STRATAGGEM;contact@strataggem.com;
STRATECHNO;contact@stratechno.com;
STRATEGIES;e.ballagny@cadwin.com;01 41 73 04 80
STRATON IT;contact@straton-it.fr;03 66 72 10 84
STREAM INTERNATIONAL INC.;velizyinfo@stream.com;01 30 67 10 00
STUDY ADVISOR;leo.sounigo@studyquizz.fr;0176546213
SUBSCRIPTION TECH;contact@subscription.tech;+33 (0)1 76 44 02 62
SULLY GROUP;sully@sully-group.fr;04 37 23 83 00
SUNGARD AVAILABILTY SERVICES FRANCE SA;sas.fr.info@sungard.com;01 64 62 86 00
SUNTSEU;;01 80 41 00 31
SUPRALOG;info@supralog.com;04 93 74 66 66
Swapcard;info@swapcard.com;
SYD;contact@syd.fr;02 51 13 51 13
SYDEC S.A.;kdrouin@sydec.fr;03 90 20 66 20
SYKIO;contact-paris@sykio.fr;01 84 21 10 10
SYLOB SAS;info@sylob.com;05 63 53 08 18
SYMPHONY EYC FRANCE;;01 46 48 28 00
SYNE SAS;infos@syne-services.fr;
SYNECHRON;contact@teamtrade.com;01 42 65 90 90
SYNERGIE CONSEIL TECHNOLOGIE;;04 42 65 43 88
SYNERGY;contact@synergy.fr;03 20 67 03 05
SYNERTIC;;04 84 25 16 00
SYNERTRADE;;01 56 98 29 29
SYNEVOP SAS;synevop@synevop.com;0628099755
Synflow;info@synflow.com;02 99 12 79 02
SYNHACK;contact@synhack.fr;
SYNTEC NUMÉRIQUE;communication@syntec-numerique.fr;
SYNTHESE VIDEO;contact@3dswipe.com;03 80 73 41 58
SYRAH INFORMATIQUE;direction@syrah.fr;0491726115
SYSALIA;GESTION@SYSALIA.COM;
SYSDREAM;info@sysdream.com;
SYSGO;info@sysgo.fr;01 30 09 12 70
SYSPERTEC COMMUNICATION;cominfo@syspertec.com;01 46 02 60 42
SYSSCALE;contact@sysscale.com;
SYSSTREAMING;syntec-numerique.fr@sysstreaming.com;0616321703
SYSTELEO;contact@systeleo.fr;
SYSTEMATIC;contact@systematic-paris-region.org;01 69 08 06 85
SYSTEMX;info@system-x.fr;08 10 66 44 76
SYSTRAN;;01 44 82 49 00
T&BS : TRANSFORMATION AND BUSINESS SUCCESS;;
T-SYSTEMS FRANCE;info@t-systems.fr;01 82 30 10 10
Tabhotel;sales@tabhotel.fr;
TALAN;webmaster@talan.fr;01 42 97 96 96
TALENTIA SOFTWARE FRANCE;Info@talentia-software.com;01 41 05 76 00
TALENTPLUG;;09 50 14 22 34
TALENTSOFT;contact-ts@talensoft.com;01 41 86 05 60
TALK4;contact@talk4.pro;0612575316
TANCO & CO;contact@tanco.fr;
TARGET2SELL;contact@target2sell.com;01 57 40 31 01
TAS FRANCE;;
TATA CONSULTANCY SERVICES;;01 77 68 30 30
TDF;contact.operateur@tdf.fr;
TEACH ON MARS;contact@teachonmars.com;04 89 86 69 79
TEAZIT;e.colombain@teazit.fr;0664035746
TECH ADVANTAGE;contact@tech-advantage.com;01 56 84 02 00
TECH COM - COMPUBASE;jmandard@compubase.net;01 69 18 34 34
TECHFORM;info@techform.fr;05 61 00 77 00
TECHNEMA;pap@technema.fr;0172883000
TECHNODUAL;;
TECHNOLOGY AND STRATEGY IT;;03 90 00 79 20
TECHNOMADE;contact@technomade.com;05 56 02 71 47
TECHTEAM;contact@fr-techteam.com;04 72 22 35 03
TEHMS;contact@tehms.com;03 66 72 12 80
TELECOM VALLEY;contact@telecom-valley.fr;04 89 86 69 40
TeleSoft;pierre.bes@telesoft.fr;
TELIAE;info@teliae.fr;04 78 48 23 17
telitem;contact@telitem.com;
TELNET CONSULTING;info@telnet.com.tn;01 42 60 42 89
TEOLIA;contact@teolia.fr;
TEOS CYBERSECURITY;contact@teos-cybersecurity.com;0764 088 985
TERRACLEAN;contact@terraclean.fr;04 94 25 09 02
TESCOM FRANCE;tescom@tescom.fr;
TESSI;;04 76 70 59 10
TestLab;contact@testlab.fr;
THALES SERVICES SAS;info.3s@thalesgroup.com;01 73 32 00 00
THE BAR CORNER;contact@thebarcorner.com;0238698048
THE METRICS FACTORY;contact@themetricsfactory.com;09 54 02 79 01
THEFAMILY;welcome@thefamily.co;
THIS;contact@thisby.fr;
TIBCO;tibco@tibco.fr;02 40 32 28 00
TIMSPIRIT;contact@timspirit.fr;01 46 97 20 80
TIMYO;support@timyo.com;0685909656
TINKOO;admin@tinkoo.fr;
TINUBU SQUARE;commercial@tinubu.com;01 55 95 85 85
TIPTEL;info@tiptel.fr;0139446330
TJC;contact@tjc-group.com;04 91 95 56 56
TLTI;paris@tlti.net;01 45 89 08 94
TOOLS4EVER;frsales.idf@tools4ever.com;01 42 87 74 67
TOOLYNK;contact@toolynk.com;09 72 54 42 71
TOPLINK INNOVATION;contact@toplink-innovation.fr;04 94 10 72 57
TRACE ONE;marc.bonnamour@traceone.fr;01 56 90 24 24
TRAINED PEOPLE;contact@trainedpeople.com;01 46 94 69 32
Trampolinn;contact@trampolinn.com;
TRANSACTIS;;01 47 75 68 00
Transdev Group - Smarter Mobility;thierry.elkaim@transdev.fr;
Transmitio;contact@transmitio.com;09 72 48 54 86
TRANSVALOR SA;;04 92 92 42 00
TRAXXS;info@traxxs.fr;04 89 70 40 19
TREEPTIK;contact@treeptik.fr;04 42 61 28 55
Tribe IT Partners;contact@tribeitpartners.fr;
TRIBUTERRE;;
TRIDIMEO;contact@tridimeo.com;0633680787
triPica;mathieu.horn@tripica.com;
Tripnester;info@tripnester.com;
TRISKELL Consulting; contact@triskell-consutling.com;
TRSB;trsb@trsb.net;01 76 21 42 00
TVH CONSULTING;eric.boisneault@tvhconsulting.com;01 34 93 17 27
Twitter France;;01 42 61 56 08
TYDIG;contact@tydig.xyz;
U;contact@uchange.co;
U GIE IRIS;;02 28 22 10 00
U-NEED;l.de-andrade@u-need.fr;05 34 30 43 70
Ubi Transports;contact@ubitransports.com;03 73 27 50 05
UBIFLOW;contact@ubiflow.net;02 99 83 05 36
UBIK INGENIERIE;contact@ubik-ingenierie.com;0320914981
UBIQUICK;bcarpano@ubiquick.com;04 78 85 00 92
UC Group;contact@ucgroup.fr;
UCOPIA COMMUNICATIONS;contactus@ucopia.com;01 40 92 73 90
UDW;contact@udw.fr;02 85 37 96 58
ULLINK SAS;lu@ullink.com;01 49 95 30 00
UMANIS;marketing@groupeumanis.com;01 40 89 68 00
UNI LEARNING FRANCE;info-fr@uni-learning.com;01 41 96 96 70
UNIKLOUD;contact@unikloud.com;
UNILEARN;contact@unilearn.fr;01 57 19 19 19
UNILINK;info@unilink.fr;01 71 69 54 50
UnionUp;contact@unionup.fr;
UNIS SA;unis@unis.fr;03 20 05 56 13
UNIT4 BUSINESS SOFTWARE FRANCE;communication@agresso.fr;01 41 87 26 00
UNIVERSAL MEDICA;contact@universalmedica.com;01 41 12 27 77
Unowhy;contact@unowhy.com;
UPTILAB;contact@uptilab.com;01 77 75 54 15
URAEUS CONSULT;contact@uraeus-consult.com;04 93 95 52 10
URBILOG;info@urbilog.fr;03 28 55 21 30
USABILIS;contact@usabilis.com;09 81 60 07 05
UShareSoft SAS;contact@usharesoft.com;04 76 96 23 29
USTS;contact@usts.fr;
Utocat;contact@utocat.com;
VAELIA;adestouches@vaelia.fr;05 61 36 02 22
VAL SOFTWARE;courrier@valinformatique.fr;05 61 00 92 00
VALEUR RH;contact@valeur-rh.com;01 42 66 85 40
VALEURIAD;contact@valeuriad.fr;024043
VALLIS O.S.I;immos@immos-tm.com;04 90 15 11 43
VALUES ASSOCIATES;contact@values-associates.com;0147109501
VANKORE;info@vankore.com;09 53 35 20 27
VDN - Groupe Informatique;S_G@vdn.fr;01 72 74 55 15
VECSYS;contact@vecsys.fr;01 69 29 87 87
VEEAM SOFTWARE FRANCE SARL;;01 75 61 27 45
VEEZIO;contact@veez.io;0983064174
VENTILIS;contact@ventilis.fr;
VEOSOFT;jean-francois.butkiewicz@veonergie.com;01 78 53 37 66
Vermeg;ccure@vermeg.com;01 40 13 29 00
VERTECH';admin@vertech.fr;03 85 98 19 19
VIANEO;contact@vianeo.io;04 83 15 81 15
viavoo;contact@viavoo.com;01 75 60 19 00
VIF;contact@vif.fr;02 51 89 12 40
VIGIMILIA;;04 91 05 50 67
VINCILIA;contact@vincilia.fr;04 92 38 82 98
VIP CONCEPT;vip@vipconcept.fr;03 82 58 81 81
VIRTUAL EXPO;contact@virtual-expo.com;
VISIATIV;info@visiativ.com;04 78 87 29 29
Visioglobe;contact@visioglobe.com;
VISTEON SOFTWARE TECHNOLOGIES;dblasco@visteon.com;04 92 95 26 00
VITAL INFORMATIQUE;vital@groupe-vital.com;01 46 37 80 80
VIVERIS;chantal.roussey@viveris.fr;01 55 19 47 27
VIZION'R;contact@vizionr.fr;
vizzboard;fcuille@vizzboard.com;
vNext;;01 53 61 30 10
VO2 GROUP;contact@vo2-group.com;01 42 80 67 11
VOCAZA;info@wysuforms.com;04 32 44 83 40
VOGO;administratif@vogo.fr;04 67 50 03 98
VOLTALIS;contact@voltalis.com;01 53 89 13 20
VOLUME SOFTWARE;info@volume-software.com;02 47 66 47 20
VOLUNTIS;info@voluntis.com;01 41 38 39 20
VoR Immobilier;contact@vor-immobilier.fr;
Vu par ICI;info@octoprint.fr;
VULOG;info@vulog.com;04 92 91 01 21
W&G Conseil;pa.wanten@wgconseil.fr;
W2CM;alweistroff@w2cm.fr;
WakeOnWeb;s.faure@wakeonweb.com;
WALLIX;info@wallix.com;
WAVESTONE;solucom@solucom.fr;01 49 03 20 00
WAYKONECT;contact@waykonect.com;0366725620
waynote;contact@waynote.fr;
WCS EUROPE;sales@wcs-europe.com;+33183812880
We Guide;contact@weguide.fr;
WEBCOMPETENCE;info@webcompetence.com;01 43 60 15 90
WEBHELP SAS;eclerc@fr.webhelp.com;01 44 40 33 69
WEBNET DEVELOPPEMENT;info@webnet.fr;01 46 84 05 05
WEBSICO;contact@websico.com;
WEEBS;contact@we2bs.com;
Weenove;contact@weenove.fr;05 57 85 83 63
WELCOMETRACK;info@vigicolis.com;01 45 81 82 59
WELLFUNDR INVESTMENT;hello@wellfundr.com;01 79 72 40 50
Wever;;
WHOOG;;04 92 96 12 46
WHOZ.COM;contact@whoz.com;0608922829
Wi-System;contact@wi-system.com;08 05 69 08 24
Wildmoka;contact@wildmoka.com;04 89 70 40 13
WINEVEN;;
Winnzos;contact@winnzos.fr;
WIPRO TECHNOLOGIES;;01 46 93 95 95
WIRSEN MALES;contact@wirsenmales.com;06 27 30 57 45
WISTIKI;business@wistiki.com;00 33 6 62 21 09 33
Withings;;
WITIVIO;contact@witivio.com;0788755319
WITKEY;contact@witkey.fr;01 46 30 73 21
WIZAPLACE;administratif@wizacha.com;04 78 21 89 55
Wizbii SAS;maeva.touron@wizbii.com;
wizeoo;contact@wizeoo.fr;03 20 56 01 94
WOOXO;info@wooxo.fr;08 11 14 01 60
WORKIT;contact@workit.fr;01 43 03 14 78
WRAPTOR;sales@wraptor.fr;04 42 70 38 15
WSB AGENCY;;05 57 35 30 62
WYPLAY;info@wyplay.com;04 91 45 71 80
XBRAIN;contact@xbrain.io;
XC75 CONSULTING;paj@xc75consulting.fr;0676601986
Xelya;;01 74 71 48 00
XpanS;contact@x-pans.com;
XPERIZ STRATÉGIE;contact@xperiz.com;0676018700
XTREEE;info@xtreee.com;0680455412
XWIKI;contact@xwiki.com;01 45 42 40 90
XYRIC;INFOS@XYRIC.COM;0380739910
YAGAN;team@willty.com;0664043442
YANTRA TECHNOLOGIES;contact@yantra-technologies.com;
YLNEO;contact@ylneo.com;
YMAG;info@ymag.fr;03 80 78 99 00
YOGOSHA;contact@yogosha.com;
YOODA;administratif@yooda.com;046715549
YOURS;contact@yours-conseil.com;
YOUSIGN;;09 87 67 95 18
Youwine;;
Ysance;charlotte.letourmy@ysance.com;01 43 36 23 17
YULPA;syntec-numerique@yulpa.io;0182831166
Yumaneed;contact@yumaneed.com;
Zart Big Data;zart.bigdata@zart.io;
zCOST MANAGEMENT;;
ZELOG;info@zelog.fr;06 12 10 23 99
zemust;gestion@zemust.fr;
ZEN'TO;contact@zento.fr;01 80 88 49 00
ZENGULARITY;contact@zengularity.com;01 75 57 89 39
ZENIKA;info@zenika.com;01 45 26 19 15
ZENMOOV;jps@zenmoov.com;0695034799
ZERIODES;ymt@zeriodes.com;0629868790
zettafox;matallah@zettafox.com;
Zuora;;
ZYXEL;;